scenario,x_value,seed,users,rbs,method,linear_objective,linear_gap_pct,entropy_objective,soft_mass,expected_successful_samples,mean_packet_error,fl_quality,fractional_mass_ratio,kkt_residual,runtime_seconds
users,10,31010,10,12,Hungarian(reference),17.0208936317,0.0000000000,17.0208936317,10.0000000000,829.9791063683,0.0190430690,0.9799044939,0.0000000000,0.0000000000e+00,0.0000528999
users,10,31010,10,12,Continuous-LP(HiGHS),17.0208936317,0.0000000000,17.0208936317,10.0000000000,829.9791063683,0.0190430690,0.9799044939,0.0000000000,0.0000000000e+00,0.0029110999
users,10,31010,10,12,Soft-Entropy-KKT(tau=1),20.6166169096,21.1253495598,-48.6397686242,9.9999999523,826.3833830904,0.0263064137,0.9756592480,0.9999998553,3.4601210785e-12,0.0006640001
users,10,31010,10,12,Soft-Entropy-KKT(tau=5),40.3884121006,137.2872598495,-345.2271323616,9.8851924604,806.6115878994,0.0490726924,0.9523159243,0.9999999460,1.5884182858e-11,0.0003353000
users,10,31010,10,12,Soft-Entropy-KKT(tau=25),143.9171294890,745.5321594913,-1976.2988431163,8.4568091825,703.0828705110,0.0796684818,0.8300860337,1.0000000000,6.6613381478e-16,0.0002465000
users,10,31011,10,12,Hungarian(reference),23.9055368972,0.0000000000,23.9055368972,10.0000000000,1102.0944631028,0.0190788074,0.9787695054,0.0000000000,0.0000000000e+00,0.0000332000
users,10,31011,10,12,Continuous-LP(HiGHS),23.9055368972,0.0000000000,23.9055368972,10.0000000000,1102.0944631028,0.0190788074,0.9787695054,0.0000000000,0.0000000000e+00,0.0044731000
users,10,31011,10,12,Soft-Entropy-KKT(tau=1),28.7353030745,20.2035461411,-43.4635094474,10.0000000000,1097.2646969255,0.0241076489,0.9744801927,0.9999999028,5.3208548678e-12,0.0010997000
users,10,31011,10,12,Soft-Entropy-KKT(tau=5),39.3597491433,64.6469991975,-346.0399916499,9.9981477149,1086.6402508567,0.0347790377,0.9650446278,0.9999998834,8.0789042123e-11,0.0002916000
users,10,31011,10,12,Soft-Entropy-KKT(tau=25),129.9937854193,443.7810745611,-1953.9625298726,8.8943731653,996.0062145807,0.0559116676,0.8845525884,1.0000000000,1.1102230246e-15,0.0001875999
users,10,31012,10,12,Hungarian(reference),33.6106694133,0.0000000000,33.6106694133,10.0000000000,1147.3893305867,0.0278937763,0.9715405001,0.0000000000,0.0000000000e+00,0.0000412000
users,10,31012,10,12,Continuous-LP(HiGHS),33.6106694133,0.0000000000,33.6106694133,10.0000000000,1147.3893305867,0.0278937763,0.9715405001,0.0000000000,0.0000000000e+00,0.0016309000
users,10,31012,10,12,Soft-Entropy-KKT(tau=1),38.9709024800,15.9480104393,-27.0464321498,9.9999999994,1142.0290975200,0.0348957590,0.9670017761,0.9999999696,8.4715567894e-11,0.0004773000
users,10,31012,10,12,Soft-Entropy-KKT(tau=5),58.6859833290,74.6052201681,-315.0369469799,9.9780188833,1122.3140166710,0.0536469077,0.9503082275,0.9999999526,1.4332979248e-13,0.0003328001
users,10,31012,10,12,Soft-Entropy-KKT(tau=25),160.0500290069,376.1881622739,-1897.4700718150,8.8652190079,1020.9499709931,0.0874102109,0.8644792303,1.0000000000,2.4424906542e-15,0.0001831000
users,10,31013,10,12,Hungarian(reference),11.2390904025,0.0000000000,11.2390904025,10.0000000000,974.7609095975,0.0153787173,0.9886013282,0.0000000000,0.0000000000e+00,0.0000331000
users,10,31013,10,12,Continuous-LP(HiGHS),11.2390904025,0.0000000000,11.2390904025,10.0000000000,974.7609095975,0.0153787173,0.9886013282,0.0000000000,0.0000000000e+00,0.0015261000
users,10,31013,10,12,Soft-Entropy-KKT(tau=1),16.1917651668,44.0665088274,-53.8188872701,10.0000000000,969.8082348332,0.0212110079,0.9835783315,0.9999998224,2.5938140524e-12,0.0003656001
users,10,31013,10,12,Soft-Entropy-KKT(tau=5),33.4965447274,198.0360823514,-352.6864465006,9.9423273394,952.5034552726,0.0437692995,0.9660278451,0.9999998705,1.4042433882e-11,0.0005686000
users,10,31013,10,12,Soft-Entropy-KKT(tau=25),123.1317885682,995.5672048094,-1988.6415734349,8.4711725727,862.8682114318,0.0709826861,0.8751198899,1.0000000000,6.6613381478e-16,0.0003540000
users,10,31014,10,12,Hungarian(reference),21.5320000933,0.0000000000,21.5320000933,10.0000000000,1141.4679999067,0.0182543000,0.9814858125,0.0000000000,0.0000000000e+00,0.0000310000
users,10,31014,10,12,Continuous-LP(HiGHS),21.5320000933,0.0000000000,21.5320000933,10.0000000000,1141.4679999067,0.0182543000,0.9814858125,0.0000000000,0.0000000000e+00,0.0018538000
users,10,31014,10,12,Soft-Entropy-KKT(tau=1),27.0604598669,25.6755515030,-40.0127997851,10.0000000000,1135.9395401331,0.0231689475,0.9767321927,0.9999998747,2.1051937971e-11,0.0007802000
users,10,31014,10,12,Soft-Entropy-KKT(tau=5),46.6403466609,116.6094485359,-330.7462189859,9.9837251823,1116.3596533391,0.0438899046,0.9598965205,0.9999999247,1.0524914273e-13,0.0003972000
users,10,31014,10,12,Soft-Entropy-KKT(tau=25),141.9085818416,559.0589876762,-1928.0944733014,8.9724221935,1021.0914181584,0.0771355049,0.8779805831,1.0000000000,8.8817841970e-15,0.0002279000
users,15,31515,15,12,Hungarian(reference),181.8725765343,0.0000000000,181.8725765343,12.0000000000,1568.1274234657,0.0231991211,0.8960728134,0.0000000000,0.0000000000e+00,0.0000567001
users,15,31515,15,12,Continuous-LP(HiGHS),181.8725765343,0.0000000000,181.8725765343,12.0000000000,1568.1274234657,0.0231991211,0.8960728134,0.0000000000,0.0000000000e+00,0.0020278001
users,15,31515,15,12,Soft-Entropy-KKT(tau=1),186.4119158402,2.4958899206,105.7146135426,12.0000000000,1563.5880841598,0.0268901129,0.8934789052,0.9999998434,4.2781667689e-04,0.0041560000
users,15,31515,15,12,Soft-Entropy-KKT(tau=5),216.6881810019,19.1428554711,-248.9927445276,11.9998944883,1533.3118189981,0.0408926434,0.8761781823,0.9999998955,8.2406415025e-11,0.0008914000
users,15,31515,15,12,Soft-Entropy-KKT(tau=25),377.2151929826,107.4063062012,-2249.8067449965,11.0144673151,1372.7848070174,0.0745593748,0.7844484612,1.0000000000,2.7755575616e-15,0.0003115000
users,15,31516,15,12,Hungarian(reference),160.3070976372,0.0000000000,160.3070976372,12.0000000000,1766.6929023628,0.0227425845,0.9168100168,0.0000000000,0.0000000000e+00,0.0000471000
users,15,31516,15,12,Continuous-LP(HiGHS),160.3070976372,0.0000000000,160.3070976372,12.0000000000,1766.6929023628,0.0227425845,0.9168100168,0.0000000000,0.0000000000e+00,0.0024258001
users,15,31516,15,12,Soft-Entropy-KKT(tau=1),165.1841858207,3.0423407668,84.9372092498,12.0000000000,1761.8158141793,0.0252981604,0.9142790940,0.9999996163,2.3520447025e-04,0.0037210000
users,15,31516,15,12,Soft-Entropy-KKT(tau=5),193.1043707102,20.4590274270,-265.8008241219,11.9999893803,1733.8956292898,0.0393548823,0.8997901553,0.9999999019,5.3010484891e-11,0.0023541001
users,15,31516,15,12,Soft-Entropy-KKT(tau=25),353.8747488447,120.7480230511,-2225.1765371564,11.3298812906,1573.1252511553,0.0685408646,0.8163597567,1.0000000000,5.2876369949e-11,0.0003025001
users,15,31517,15,12,Hungarian(reference),115.8673454625,0.0000000000,115.8673454625,12.0000000000,1192.1326545375,0.0246779674,0.9114164026,0.0000000000,0.0000000000e+00,0.0000474000
users,15,31517,15,12,Continuous-LP(HiGHS),115.8673454625,0.0000000000,115.8673454625,12.0000000000,1192.1326545375,0.0246779674,0.9114164026,0.0000000000,0.0000000000e+00,0.0019205000
users,15,31517,15,12,Soft-Entropy-KKT(tau=1),123.2081614839,6.3355348240,39.7566228194,12.0000000000,1184.7918385161,0.0321950057,0.9058041579,0.9999999151,2.4299007251e-11,0.0018295001
users,15,31517,15,12,Soft-Entropy-KKT(tau=5),148.9136667188,28.5208236405,-324.6726569917,11.9731033128,1159.0863332812,0.0517947893,0.8861516309,0.9999999885,7.1270767066e-12,0.0008008000
users,15,31517,15,12,Soft-Entropy-KKT(tau=25),319.2568743981,175.5365397590,-2370.7921676877,10.2495802459,988.7431256019,0.0848416498,0.7559198208,1.0000000000,6.5503158453e-15,0.0002687001
users,15,31518,15,12,Hungarian(reference),108.1224420005,0.0000000000,108.1224420005,12.0000000000,1256.8775579995,0.0275058709,0.9207894198,0.0000000000,0.0000000000e+00,0.0000360000
users,15,31518,15,12,Continuous-LP(HiGHS),108.1224420005,0.0000000000,108.1224420005,12.0000000000,1256.8775579995,0.0275058709,0.9207894198,0.0000000000,0.0000000000e+00,0.0019385000
users,15,31518,15,12,Soft-Entropy-KKT(tau=1),113.8859085617,5.3304998061,32.6714944540,12.0000000000,1251.1140914383,0.0319053179,0.9165671000,0.9999995685,6.4835145346e-04,0.0040996000
users,15,31518,15,12,Soft-Entropy-KKT(tau=5),144.7351815557,33.8622943376,-322.2826294364,11.9858577351,1220.2648184443,0.0536313838,0.8939669000,0.9999999168,2.3110735548e-11,0.0015932999
users,15,31518,15,12,Soft-Entropy-KKT(tau=25),317.1841768915,193.3564679293,-2368.5047266642,10.2349899422,1047.8158231085,0.0874873399,0.7676306396,1.0000000000,6.9944050551e-15,0.0003236000
users,15,31519,15,12,Hungarian(reference),141.6159839754,0.0000000000,141.6159839754,12.0000000000,1533.3840160246,0.0216896363,0.9154531439,0.0000000000,0.0000000000e+00,0.0000453000
users,15,31519,15,12,Continuous-LP(HiGHS),141.6159839754,0.0000000000,141.6159839754,12.0000000000,1533.3840160246,0.0216896363,0.9154531439,0.0000000000,0.0000000000e+00,0.0021510001
users,15,31519,15,12,Soft-Entropy-KKT(tau=1),147.1677836583,3.9203199576,64.6504349997,12.0000000000,1527.8322163417,0.0241261364,0.9121386366,0.9999999795,7.3619445097e-04,0.0045272000
users,15,31519,15,12,Soft-Entropy-KKT(tau=5),171.7094070071,21.2500186680,-292.3058970526,11.9998957932,1503.2905929929,0.0381016895,0.8974869212,0.9999999268,7.6185502351e-11,0.0016983000
users,15,31519,15,12,Soft-Entropy-KKT(tau=25),344.5936907035,143.3296588634,-2290.0768658244,10.9632325107,1330.4063092965,0.0654220106,0.7942724235,1.0000000000,1.9984014443e-15,0.0003572000
users,20,32020,20,12,Hungarian(reference),344.9446952223,0.0000000000,344.9446952223,12.0000000000,1468.0553047777,0.0197843426,0.8097381714,0.0000000000,0.0000000000e+00,0.0000485000
users,20,32020,20,12,Continuous-LP(HiGHS),344.9446952223,0.0000000000,344.9446952223,12.0000000000,1468.0553047777,0.0197843426,0.8097381714,0.0000000000,0.0000000000e+00,0.0027600001
users,20,32020,20,12,Soft-Entropy-KKT(tau=1),350.2611585841,1.5412509412,247.7984729616,12.0000000000,1462.7388414159,0.0228353100,0.8068057592,0.9999998405,5.8441362200e-04,0.0045089000
users,20,32020,20,12,Soft-Entropy-KKT(tau=5),382.7389392913,10.9566097384,-197.2608624321,11.9999392167,1430.2610607087,0.0396210994,0.7888919254,0.9999998403,7.8589246222e-11,0.0011513000
users,20,32020,20,12,Soft-Entropy-KKT(tau=25),596.9846568852,73.0667742261,-2700.2897142923,11.1618250315,1216.0153431148,0.0817877656,0.6707199907,1.0000000000,2.9576341376e-13,0.0001993000
users,20,32021,20,12,Hungarian(reference),527.3820275167,0.0000000000,527.3820275167,12.0000000000,1696.6179724833,0.0183539428,0.7628677934,0.0000000000,0.0000000000e+00,0.0000443000
users,20,32021,20,12,Continuous-LP(HiGHS),527.3820275167,0.0000000000,527.3820275167,12.0000000000,1696.6179724833,0.0183539428,0.7628677934,0.0000000000,0.0000000000e+00,0.0024484000
users,20,32021,20,12,Soft-Entropy-KKT(tau=1),531.6027137946,0.8003090848,424.7058254836,12.0000000000,1692.3972862054,0.0206173835,0.7609700028,0.9999996288,3.4750202715e-11,0.0037296000
users,20,32021,20,12,Soft-Entropy-KKT(tau=5),558.0864971995,5.8220546171,-28.9527672792,11.9999999509,1665.9135028005,0.0343670350,0.7490618268,0.9999994553,2.3014035122e-11,0.0008766000
users,20,32021,20,12,Soft-Entropy-KKT(tau=25),738.0697630841,39.9497374909,-2540.3626434985,11.6455476180,1485.9302369159,0.0690734500,0.6681340993,1.0000000000,4.9966919491e-11,0.0001930000
users,20,32022,20,12,Hungarian(reference),638.9022790828,0.0000000000,638.9022790828,12.0000000000,1681.0977209172,0.0541626916,0.7246110866,0.0000000000,0.0000000000e+00,0.0000490000
users,20,32022,20,12,Continuous-LP(HiGHS),638.9022790828,0.0000000000,638.9022790828,12.0000000000,1681.0977209172,0.0541626916,0.7246110866,0.0000000000,0.0000000000e+00,0.0030995000
users,20,32022,20,12,Soft-Entropy-KKT(tau=1),644.6052821210,0.8926252457,541.9443496434,12.0000000000,1675.3947178790,0.0575316745,0.7221528956,0.9999998166,3.1530620377e-04,0.0047659000
users,20,32022,20,12,Soft-Entropy-KKT(tau=5),675.5220316437,5.7316672298,101.5140462895,11.9999997601,1644.4779683563,0.0674702991,0.7088267105,0.9999993169,1.8553714121e-11,0.0008624999
users,20,32022,20,12,Soft-Entropy-KKT(tau=25),888.5376101435,39.0725372617,-2380.7181633685,11.5966019982,1431.4623898565,0.1111458989,0.6170096508,1.0000000000,6.7710281826e-12,0.0001922000
users,20,32023,20,12,Hungarian(reference),505.3951532220,0.0000000000,505.3951532220,12.0000000000,1636.6048467780,0.0183647463,0.7640545503,0.0000000000,0.0000000000e+00,0.0001812000
users,20,32023,20,12,Continuous-LP(HiGHS),505.3951532220,0.0000000000,505.3951532220,12.0000000000,1636.6048467780,0.0183647463,0.7640545503,0.0000000000,0.0000000000e+00,0.0023644000
users,20,32023,20,12,Soft-Entropy-KKT(tau=1),509.8899071729,0.8893543838,405.1023238404,12.0000000000,1632.1100928271,0.0215432531,0.7619561591,0.9999997590,8.2359896680e-11,0.0042777000
users,20,32023,20,12,Soft-Entropy-KKT(tau=5),540.2772593560,6.9019471025,-42.4880888313,11.9999999553,1601.7227406440,0.0354673274,0.7477697202,0.9999994536,3.2847058407e-11,0.0009365999
users,20,32023,20,12,Soft-Entropy-KKT(tau=25),736.4947179041,45.7265098822,-2544.9240839604,11.6057906345,1405.5052820959,0.0768631012,0.6561649310,1.0000000000,3.5606406712e-11,0.0002005000
users,20,32024,20,12,Hungarian(reference),499.6252103313,0.0000000000,499.6252103313,12.0000000000,1705.3747896687,0.0371657085,0.7734126030,0.0000000000,0.0000000000e+00,0.0000476999
users,20,32024,20,12,Continuous-LP(HiGHS),499.6252103313,0.0000000000,499.6252103313,12.0000000000,1705.3747896687,0.0371657085,0.7734126030,0.0000000000,0.0000000000e+00,0.0034421000
users,20,32024,20,12,Soft-Entropy-KKT(tau=1),505.5601694512,1.1878822360,400.7078586054,12.0000000000,1699.4398305488,0.0390140487,0.7707210116,0.9999997765,6.3408611695e-11,0.0022095001
users,20,32024,20,12,Soft-Entropy-KKT(tau=5),533.7954774909,6.8391799399,-49.5321900306,11.9999984164,1671.2045225091,0.0533568865,0.7579158832,0.9999996694,9.3830387904e-11,0.0015929000
users,20,32024,20,12,Soft-Entropy-KKT(tau=25),720.3049665764,44.1690594633,-2532.9591895647,11.5151235835,1484.6950334236,0.0893072011,0.6733310809,1.0000000000,2.8865798640e-15,0.0005096000
users,30,33030,30,12,Hungarian(reference),1167.4584885749,0.0000000000,1167.4584885749,12.0000000000,2046.5415114251,0.0203180383,0.6367584043,0.0000000000,0.0000000000e+00,0.0000497000
users,30,33030,30,12,Continuous-LP(HiGHS),1167.4584885749,0.0000000000,1167.4584885749,12.0000000000,2046.5415114251,0.0203180383,0.6367584043,0.0000000000,0.0000000000e+00,0.0025610999
users,30,33030,30,12,Soft-Entropy-KKT(tau=1),1171.9228529134,0.3824002637,1014.2905984666,12.0000000000,2042.0771470866,0.0223717257,0.6353693675,0.9999996737,8.8992588982e-04,0.0040312000
users,30,33030,30,12,Soft-Entropy-KKT(tau=5),1200.9149562310,2.8657522288,357.0525731869,11.9999999999,2013.0850437690,0.0314849195,0.6263488002,0.9999996775,2.5301316597e-11,0.0010694000
users,30,33030,30,12,Soft-Entropy-KKT(tau=25),1390.3829525924,19.0948514400,-3188.1946330883,11.9013811177,1823.6170474076,0.0610199994,0.5673979612,1.0000000000,4.0412118096e-14,0.0002823001
users,30,33031,30,12,Hungarian(reference),1039.8220115495,0.0000000000,1039.8220115495,12.0000000000,1416.1779884505,0.0415021904,0.5766197021,0.0000000000,0.0000000000e+00,0.0000543001
users,30,33031,30,12,Continuous-LP(HiGHS),1039.8220115495,0.0000000000,1039.8220115495,12.0000000000,1416.1779884505,0.0415021904,0.5766197021,0.0000000000,0.0000000000e+00,0.0028272000
users,30,33031,30,12,Soft-Entropy-KKT(tau=1),1044.3112286277,0.4317293756,887.7405825566,12.0000000000,1411.6887713723,0.0422649565,0.5747918450,0.9999994698,7.3920203292e-11,0.0020010000
users,30,33031,30,12,Soft-Entropy-KKT(tau=5),1082.9936196672,4.1518267202,226.2031053302,11.9999958027,1373.0063803328,0.0613033415,0.5590416858,0.9999992448,8.1956663678e-13,0.0005915000
users,30,33031,30,12,Soft-Entropy-KKT(tau=25),1311.1279273105,26.0915726680,-3414.3757899612,11.5933349787,1144.8720726895,0.1017143430,0.4661531241,1.0000000000,8.8817841970e-16,0.0002375999
users,30,33032,30,12,Hungarian(reference),1263.7867312198,0.0000000000,1263.7867312198,12.0000000000,1766.2132687802,0.0156694572,0.5829086696,0.0000000000,0.0000000000e+00,0.0000500000
users,30,33032,30,12,Continuous-LP(HiGHS),1263.7867312198,0.0000000000,1263.7867312198,12.0000000000,1766.2132687802,0.0156694572,0.5829086696,0.0000000000,0.0000000000e+00,0.0023804001
users,30,33032,30,12,Soft-Entropy-KKT(tau=1),1269.1052792148,0.4208422089,1109.7010262853,12.0000000000,1760.8947207852,0.0187919551,0.5811533732,0.9999995860,3.5439429169e-11,0.0020676999
users,30,33032,30,12,Soft-Entropy-KKT(tau=5),1303.5204890922,3.1440239790,437.2683809306,11.9999999905,1726.4795109078,0.0316678016,0.5697952181,0.9999989731,3.0799807149e-12,0.0007593000
users,30,33032,30,12,Soft-Entropy-KKT(tau=25),1483.7171377745,17.4024937216,-3198.4637962559,11.8464931673,1546.2828622255,0.0547567871,0.5103243770,1.0000000000,7.6938455607e-14,0.0002099000
users,30,33033,30,12,Hungarian(reference),1469.5331000260,0.0000000000,1469.5331000260,12.0000000000,1892.4668999740,0.0203000193,0.5628991374,0.0000000000,0.0000000000e+00,0.0000645999
users,30,33033,30,12,Continuous-LP(HiGHS),1469.5331000260,0.0000000000,1469.5331000260,12.0000000000,1892.4668999740,0.0203000193,0.5628991374,0.0000000000,0.0000000000e+00,0.0040359000
users,30,33033,30,12,Soft-Entropy-KKT(tau=1),1474.1997948458,0.3175630967,1316.7638350991,12.0000000000,1887.8002051542,0.0222256003,0.5615110664,0.9999996797,6.1754761305e-09,0.0042988000
users,30,33033,30,12,Soft-Entropy-KKT(tau=5),1506.8685009341,2.5406301435,654.6890902069,11.9999999996,1855.1314990659,0.0329843712,0.5517940211,0.9999976079,8.1650686212e-11,0.0012785000
users,30,33033,30,12,Soft-Entropy-KKT(tau=25),1714.0039690039,16.6359552550,-2940.4636077545,11.8967994202,1647.9960309961,0.0613144093,0.4901832335,1.0000000000,1.2889689316e-13,0.0002845001
users,30,33034,30,12,Hungarian(reference),1321.4198687646,0.0000000000,1321.4198687646,12.0000000000,2097.5801312354,0.0315649790,0.6135069117,0.0000000000,0.0000000000e+00,0.0000479000
users,30,33034,30,12,Continuous-LP(HiGHS),1321.4198687646,0.0000000000,1321.4198687646,12.0000000000,2097.5801312354,0.0315649790,0.6135069117,0.0000000000,0.0000000000e+00,0.0022364999
users,30,33034,30,12,Soft-Entropy-KKT(tau=1),1325.3301430699,0.2959145990,1171.1978184991,12.0000000000,2093.6698569301,0.0326033770,0.6123632223,0.9999996381,3.2411029884e-04,0.0049476000
users,30,33034,30,12,Soft-Entropy-KKT(tau=5),1353.9358027092,2.4606814770,528.4726726202,12.0000000000,2065.0641972908,0.0429017784,0.6039965479,0.9999990144,5.4361515289e-11,0.0015175000
users,30,33034,30,12,Soft-Entropy-KKT(tau=25),1600.5138068725,21.1207614404,-2986.1668676841,11.9002394701,1818.4861931275,0.0801547468,0.5318766286,1.0000000000,1.0436096431e-14,0.0002976001
users,50,35050,50,12,Hungarian(reference),3526.3476893899,0.0000000000,3526.3476893899,12.0000000000,2011.6523106101,0.0142405509,0.3632452710,0.0000000000,0.0000000000e+00,0.0000616000
users,50,35050,50,12,Continuous-LP(HiGHS),3526.3476893899,0.0000000000,3526.3476893899,12.0000000000,2011.6523106101,0.0142405509,0.3632452710,0.0000000000,0.0000000000e+00,0.0035967000
users,50,35050,50,12,Soft-Entropy-KKT(tau=1),3532.4747702674,0.1737514680,3259.3247533408,12.0000000000,2005.5252297326,0.0166636928,0.3621389003,0.9999995580,8.7756801825e-11,0.0027003001
users,50,35050,50,12,Soft-Entropy-KKT(tau=5),3570.6392212711,1.2560171538,2130.5068628891,12.0000000000,1967.3607787289,0.0257652163,0.3552475223,0.9999976444,5.0346393721e-12,0.0005924000
users,50,35050,50,12,Soft-Entropy-KKT(tau=25),3796.2915047088,7.6550538715,-3849.0199180178,11.9673527809,1741.7084952912,0.0529422787,0.3145013534,1.0000000000,8.8817841970e-16,0.0002444000
users,50,35051,50,12,Hungarian(reference),3440.5213011744,0.0000000000,3440.5213011744,12.0000000000,2112.4786988256,0.0161228210,0.3804211595,0.0000000000,0.0000000000e+00,0.0000650000
users,50,35051,50,12,Continuous-LP(HiGHS),3440.5213011744,0.0000000000,3440.5213011744,12.0000000000,2112.4786988256,0.0161228210,0.3804211595,0.0000000000,0.0000000000e+00,0.0042196000
users,50,35051,50,12,Soft-Entropy-KKT(tau=1),3446.3232447689,0.1686355958,3171.5135804817,12.0000000000,2106.6767552311,0.0179056741,0.3793763291,0.9999997795,8.0605078168e-11,0.0033334000
users,50,35051,50,12,Soft-Entropy-KKT(tau=5),3474.8765509293,0.9985477998,2046.0488394363,12.0000000000,2078.1234490707,0.0266641526,0.3742343686,0.9999986308,1.7852053169e-11,0.0009632000
users,50,35051,50,12,Soft-Entropy-KKT(tau=25),3715.3938177511,7.9892694309,-3898.6269155196,11.9719926491,1837.6061822489,0.0515118246,0.3309213366,1.0000000000,1.1102230246e-15,0.0002476000
users,50,35052,50,12,Hungarian(reference),3277.0404781482,0.0000000000,3277.0404781482,12.0000000000,2118.9595218518,0.0153355036,0.3926907935,0.0000000000,0.0000000000e+00,0.0000525999
users,50,35052,50,12,Continuous-LP(HiGHS),3277.0404781482,0.0000000000,3277.0404781482,12.0000000000,2118.9595218518,0.0153355036,0.3926907935,0.0000000000,0.0000000000e+00,0.0045465000
users,50,35052,50,12,Soft-Entropy-KKT(tau=1),3282.3602500996,0.1623346427,3010.3141550508,12.0000000000,2113.6397499004,0.0180807415,0.3917049203,0.9999998825,6.4457994498e-11,0.0025454001
users,50,35052,50,12,Soft-Entropy-KKT(tau=5),3313.8785589872,1.1241265125,1888.2314085243,12.0000000000,2082.1214410128,0.0288523528,0.3858638697,0.9999988308,3.8043235229e-11,0.0011924000
users,50,35052,50,12,Soft-Entropy-KKT(tau=25),3552.9271829671,8.4187762299,-4029.5517183151,11.9678985005,1843.0728170329,0.0591788649,0.3415627904,1.0000000000,1.2212453271e-15,0.0003512000
users,50,35053,50,12,Hungarian(reference),3657.4841161256,0.0000000000,3657.4841161256,12.0000000000,1997.5158838744,0.0327392803,0.3532300414,0.0000000000,0.0000000000e+00,0.0000573001
users,50,35053,50,12,Continuous-LP(HiGHS),3657.4841161256,0.0000000000,3657.4841161256,12.0000000000,1997.5158838744,0.0327392803,0.3532300414,0.0000000000,0.0000000000e+00,0.0058668001
users,50,35053,50,12,Soft-Entropy-KKT(tau=1),3662.6234318667,0.1405150529,3391.5539891976,12.0000000000,1992.3765681333,0.0339810322,0.3523212322,0.9999997239,5.9186655577e-11,0.0027407999
users,50,35053,50,12,Soft-Entropy-KKT(tau=5),3697.6003858991,1.0968269034,2276.4943315733,11.9999999999,1957.3996141009,0.0434976159,0.3461360944,0.9999979025,8.1789020001e-12,0.0008065001
users,50,35053,50,12,Soft-Entropy-KKT(tau=25),3965.5984259356,8.4242145701,-3659.8193680543,11.9538115687,1689.4015740644,0.0786015267,0.2987447523,1.0000000000,9.9920072216e-16,0.0002466000
users,50,35054,50,12,Hungarian(reference),3289.8685779171,0.0000000000,3289.8685779171,12.0000000000,2173.1314220829,0.0099508805,0.3977908516,0.0000000000,0.0000000000e+00,0.0000634000
users,50,35054,50,12,Continuous-LP(HiGHS),3289.8685779171,0.0000000000,3289.8685779171,12.0000000000,2173.1314220829,0.0099508805,0.3977908516,0.0000000000,0.0000000000e+00,0.0029202000
users,50,35054,50,12,Soft-Entropy-KKT(tau=1),3295.0857073400,0.1585816971,3024.6955501244,12.0000000000,2167.9142926600,0.0136942098,0.3968358581,0.9999998659,8.3792861538e-11,0.0036206000
users,50,35054,50,12,Soft-Entropy-KKT(tau=5),3331.3437993560,1.2606953882,1905.3219950875,12.0000000000,2131.6562006440,0.0233192666,0.3901988286,0.9999990998,3.5806912990e-12,0.0009748000
users,50,35054,50,12,Soft-Entropy-KKT(tau=25),3571.2269898453,8.5522690425,-4013.6496898860,11.9730986015,1891.7730101547,0.0484526483,0.3462883050,1.0000000000,4.6629367034e-15,0.0002745000
users,80,38080,80,12,Hungarian(reference),6589.4331489453,0.0000000000,6589.4331489453,12.0000000000,2193.5668510547,0.0098658191,0.2497514347,0.0000000000,0.0000000000e+00,0.0000593000
users,80,38080,80,12,Continuous-LP(HiGHS),6589.4331489453,0.0000000000,6589.4331489453,12.0000000000,2193.5668510547,0.0098658191,0.2497514347,0.0000000000,0.0000000000e+00,0.0057664000
users,80,38080,80,12,Soft-Entropy-KKT(tau=1),6596.3246674544,0.1045843907,6137.9569667168,12.0000000000,2186.6753325456,0.0135725294,0.2489667918,0.9999996629,8.6214702044e-11,0.0033164000
users,80,38080,80,12,Soft-Entropy-KKT(tau=5),6633.6154615907,0.6705024795,4269.9169872382,12.0000000000,2149.3845384093,0.0239756884,0.2447209995,0.9999976582,1.8003376567e-12,0.0007337000
users,80,38080,80,12,Soft-Entropy-KKT(tau=25),6903.3012437421,4.7632032635,-5456.8224274663,11.9850491954,1879.6987562579,0.0573403674,0.2140155706,1.0000000000,3.2190472510e-11,0.0002622000
users,80,38081,80,12,Hungarian(reference),7069.2498021785,0.0000000000,7069.2498021785,12.0000000000,2188.7501978215,0.0104249105,0.2364171741,0.0000000000,0.0000000000e+00,0.0000676999
users,80,38081,80,12,Continuous-LP(HiGHS),7069.2498021785,0.0000000000,7069.2498021785,12.0000000000,2188.7501978215,0.0104249105,0.2364171741,0.0000000000,0.0000000000e+00,0.0052506999
users,80,38081,80,12,Soft-Entropy-KKT(tau=1),7075.6193151717,0.0901016822,6615.2186356116,12.0000000000,2182.3806848283,0.0133650839,0.2357291731,0.9999994324,3.4928282489e-11,0.0030040001
users,80,38081,80,12,Soft-Entropy-KKT(tau=5),7113.1197527869,0.6205743443,4740.0969904093,12.0000000000,2144.8802472131,0.0230759818,0.2316785750,0.9999985116,1.5138335030e-11,0.0006931000
users,80,38081,80,12,Soft-Entropy-KKT(tau=25),7379.1504104140,4.3837835259,-5029.0379853987,11.9890952721,1878.8495895860,0.0461914671,0.2029433560,1.0000000000,1.9517720773e-12,0.0002008000
users,80,38082,80,12,Hungarian(reference),5822.2710729118,0.0000000000,5822.2710729118,12.0000000000,2105.7289270882,0.0227067074,0.2656065751,0.0000000000,0.0000000000e+00,0.0000868001
users,80,38082,80,12,Continuous-LP(HiGHS),5822.2710729118,0.0000000000,5822.2710729118,12.0000000000,2105.7289270882,0.0227067074,0.2656065751,0.0000000000,0.0000000000e+00,0.0054193001
users,80,38082,80,12,Soft-Entropy-KKT(tau=1),5827.2825490262,0.0860742492,5371.0096544641,12.0000000000,2100.7174509738,0.0249873503,0.2649744514,0.9999993664,7.5523143295e-11,0.0041851001
users,80,38082,80,12,Soft-Entropy-KKT(tau=5),5863.8356159489,0.7138888334,3513.6363639725,12.0000000000,2064.1643840511,0.0342355620,0.2603638224,0.9999971929,3.6973091255e-11,0.0009479000
users,80,38082,80,12,Soft-Entropy-KKT(tau=25),6168.6386340740,5.9490112505,-6185.7551681461,11.9781431987,1759.3613659260,0.0672385615,0.2219174276,1.0000000000,6.5306537955e-11,0.0003276000
users,80,38083,80,12,Hungarian(reference),6975.5613969435,0.0000000000,6975.5613969435,12.0000000000,2134.4386030565,0.0168359440,0.2342962243,0.0000000000,0.0000000000e+00,0.0000705000
users,80,38083,80,12,Continuous-LP(HiGHS),6975.5613969435,0.0000000000,6975.5613969435,12.0000000000,2134.4386030565,0.0168359440,0.2342962243,0.0000000000,0.0000000000e+00,0.0064542000
users,80,38083,80,12,Soft-Entropy-KKT(tau=1),6982.0280538071,0.0927044649,6521.9550219309,12.0000000000,2127.9719461929,0.0184428590,0.2335863827,0.9999996701,9.2715612965e-11,0.0031030000
users,80,38083,80,12,Soft-Entropy-KKT(tau=5),7018.8721918119,0.6208933218,4645.7105732442,12.0000000000,2091.1278081881,0.0260513883,0.2295420207,0.9999972454,1.1816103651e-11,0.0006203001
users,80,38083,80,12,Soft-Entropy-KKT(tau=25),7288.1769590223,4.4815828331,-5109.1542224072,11.9859274863,1821.8230409777,0.0517981701,0.1999805753,1.0000000000,4.2326142591e-12,0.0001963000
users,80,38084,80,12,Hungarian(reference),7376.2353450261,0.0000000000,7376.2353450261,12.0000000000,2208.7646549739,0.0137500602,0.2304397136,0.0000000000,0.0000000000e+00,0.0000762000
users,80,38084,80,12,Continuous-LP(HiGHS),7376.2353450261,0.0000000000,7376.2353450261,12.0000000000,2208.7646549739,0.0137500602,0.2304397136,0.0000000000,0.0000000000e+00,0.0054608999
users,80,38084,80,12,Soft-Entropy-KKT(tau=1),7381.2684560014,0.0682341430,6922.9677288330,12.0000000000,2203.7315439986,0.0156416131,0.2299146107,0.9999991107,7.0949246478e-11,0.0044205000
users,80,38084,80,12,Soft-Entropy-KKT(tau=5),7423.5881691181,0.6419646592,5054.9346899914,12.0000000000,2161.4118308819,0.0251649346,0.2254994085,0.9999977912,4.9393822366e-13,0.0006688000
users,80,38084,80,12,Soft-Entropy-KKT(tau=25),7689.7623505546,4.2505016565,-4710.5044366354,11.9894190319,1895.2376494454,0.0579195719,0.1977295409,1.0000000000,1.6227019728e-12,0.0002151000
rbs,5,40505,15,5,Hungarian(reference),972.7484881305,0.0000000000,972.7484881305,5.0000000000,848.2515118695,0.0342656535,0.4658163162,0.0000000000,0.0000000000e+00,0.0000230001
rbs,5,40505,15,5,Continuous-LP(HiGHS),972.7484881305,0.0000000000,972.7484881305,5.0000000000,848.2515118695,0.0342656535,0.4658163162,0.0000000000,0.0000000000e+00,0.0017651001
rbs,5,40505,15,5,Soft-Entropy-KKT(tau=1),974.6703506316,0.1975703406,910.3501733652,5.0000000000,846.3296493684,0.0330563220,0.4647609277,0.9999998363,6.8040648560e-06,0.0038584000
rbs,5,40505,15,5,Soft-Entropy-KKT(tau=5),987.3904281923,1.5052133455,642.1819517462,5.0000000000,833.6095718077,0.0360123918,0.4577757121,0.9999998292,1.0522471783e-11,0.0004010000
rbs,5,40505,15,5,Soft-Entropy-KKT(tau=25),1057.7705739892,8.7403976358,-805.0376664110,4.9834702333,763.2294260108,0.0643528797,0.4191265382,1.0000000000,1.6653345369e-15,0.0001863000
rbs,5,40506,15,5,Hungarian(reference),881.5308890683,0.0000000000,881.5308890683,5.0000000000,888.4691109317,0.0168660225,0.5019599497,0.0000000000,0.0000000000e+00,0.0000243000
rbs,5,40506,15,5,Continuous-LP(HiGHS),881.5308890683,0.0000000000,881.5308890683,5.0000000000,888.4691109317,0.0168660225,0.5019599497,0.0000000000,0.0000000000e+00,0.0018594000
rbs,5,40506,15,5,Soft-Entropy-KKT(tau=1),883.0031815365,0.1670154145,819.0375083519,5.0000000000,886.9968184635,0.0193054023,0.5011281460,0.9999999761,7.5128903099e-11,0.0026162000
rbs,5,40506,15,5,Soft-Entropy-KKT(tau=5),894.0715270811,1.4225976841,553.0702227105,5.0000000000,875.9284729189,0.0296961863,0.4948748435,0.9999999638,9.3512309007e-11,0.0007349000
rbs,5,40506,15,5,Soft-Entropy-KKT(tau=25),971.1555348589,10.1669319705,-885.3754974968,4.9848434809,798.8444651411,0.0591002886,0.4513245566,1.0000000000,1.4568346529e-12,0.0002202000
rbs,5,40507,15,5,Hungarian(reference),791.0249370112,0.0000000000,791.0249370112,5.0000000000,873.9750629888,0.0366514936,0.5249099477,0.0000000000,0.0000000000e+00,0.0000348000
rbs,5,40507,15,5,Continuous-LP(HiGHS),791.0249370112,0.0000000000,791.0249370112,5.0000000000,873.9750629888,0.0366514936,0.5249099477,0.0000000000,0.0000000000e+00,0.0013667999
rbs,5,40507,15,5,Soft-Entropy-KKT(tau=1),792.3393498424,0.1661657894,728.9923900429,5.0000000000,872.6606501576,0.0380220830,0.5241205106,0.9999998956,1.3882174987e-04,0.0040774000
rbs,5,40507,15,5,Soft-Entropy-KKT(tau=5),800.9111692587,1.2498003268,467.1634192827,5.0000000000,864.0888307413,0.0451293759,0.5189722707,0.9999998834,4.5401904458e-11,0.0013341999
rbs,5,40507,15,5,Soft-Entropy-KKT(tau=25),888.9259337020,12.3764741300,-947.3693603040,4.9752543685,776.0740662980,0.0798026308,0.4661105503,1.0000000000,2.6490587501e-11,0.0002023000
rbs,5,40508,15,5,Hungarian(reference),897.4218637827,0.0000000000,897.4218637827,5.0000000000,817.5781362173,0.0205362676,0.4767219453,0.0000000000,0.0000000000e+00,0.0000314000
rbs,5,40508,15,5,Continuous-LP(HiGHS),897.4218637827,0.0000000000,897.4218637827,5.0000000000,817.5781362173,0.0205362676,0.4767219453,0.0000000000,0.0000000000e+00,0.0017067000
rbs,5,40508,15,5,Soft-Entropy-KKT(tau=1),898.8714999355,0.1615334116,835.7136634456,5.0000000000,816.1285000645,0.0232145647,0.4758766764,0.9999999818,7.7768347317e-11,0.0041711000
rbs,5,40508,15,5,Soft-Entropy-KKT(tau=5),912.0119135162,1.6257738219,570.6499781272,5.0000000000,802.9880864838,0.0343797759,0.4682146277,0.9999997083,2.3643309532e-12,0.0008940001
rbs,5,40508,15,5,Soft-Entropy-KKT(tau=25),996.1065285150,10.9964631702,-874.9110359200,4.9769887045,718.8934714850,0.0650124309,0.4191798668,1.0000000000,1.7763568394e-15,0.0002226999
rbs,5,40509,15,5,Hungarian(reference),636.2235236999,0.0000000000,636.2235236999,5.0000000000,759.7764763001,0.0254183183,0.5442524902,0.0000000000,0.0000000000e+00,0.0000223999
rbs,5,40509,15,5,Continuous-LP(HiGHS),636.2235236999,0.0000000000,636.2235236999,5.0000000000,759.7764763001,0.0254183183,0.5442524902,0.0000000000,0.0000000000e+00,0.0015748000
rbs,5,40509,15,5,Soft-Entropy-KKT(tau=1),637.4244858908,0.1887641915,574.6613177185,5.0000000000,758.5755141092,0.0268705118,0.5433922021,0.9999998442,6.0496217262e-06,0.0039901000
rbs,5,40509,15,5,Soft-Entropy-KKT(tau=5),649.3525629239,2.0635890901,311.0479515620,4.9999999973,746.6474370761,0.0364447772,0.5348477343,0.9999992447,2.5197843811e-11,0.0006496001
rbs,5,40509,15,5,Soft-Entropy-KKT(tau=25),737.7319465413,15.9548364781,-1116.5428176864,4.9429463795,658.2680534587,0.0646557184,0.4715387202,1.0000000000,1.0861311850e-12,0.0001910999
rbs,9,40909,15,9,Hungarian(reference),406.0404343173,0.0000000000,406.0404343173,9.0000000000,1180.9595656827,0.0413907998,0.7441459141,0.0000000000,0.0000000000e+00,0.0000335000
rbs,9,40909,15,9,Continuous-LP(HiGHS),406.0404343173,0.0000000000,406.0404343173,9.0000000000,1180.9595656827,0.0413907998,0.7441459141,0.0000000000,0.0000000000e+00,0.0016369000
rbs,9,40909,15,9,Soft-Entropy-KKT(tau=1),409.6705864261,0.8940370963,335.7548054597,9.0000000000,1177.3294135739,0.0415434712,0.7418584837,0.9999997851,9.7777896890e-11,0.0055515999
rbs,9,40909,15,9,Soft-Entropy-KKT(tau=5),429.7253153342,5.8331336032,19.6364411213,8.9999955999,1157.2746846658,0.0536907235,0.7292216034,0.9999998809,1.6943113579e-11,0.0010190000
rbs,9,40909,15,9,Soft-Entropy-KKT(tau=25),561.8888989087,38.3824987414,-1736.7257843908,8.5868504107,1025.1111010913,0.0870778137,0.6459427228,1.0000000000,2.0761170560e-12,0.0003686000
rbs,9,40910,15,9,Hungarian(reference),503.9950266064,0.0000000000,503.9950266064,9.0000000000,1433.0049733936,0.0075125587,0.7398063879,0.0000000000,0.0000000000e+00,0.0000438000
rbs,9,40910,15,9,Continuous-LP(HiGHS),503.9950266064,0.0000000000,503.9950266064,9.0000000000,1433.0049733936,0.0075125587,0.7398063879,0.0000000000,0.0000000000e+00,0.0017894000
rbs,9,40910,15,9,Soft-Entropy-KKT(tau=1),507.1188035828,0.6198031352,431.1461808485,9.0000000000,1429.8811964172,0.0096812200,0.7381936998,0.9999998538,1.3828552614e-04,0.0046295000
rbs,9,40910,15,9,Soft-Entropy-KKT(tau=5),521.8215308314,3.5370397095,111.1649719427,8.9999999868,1415.1784691686,0.0181100329,0.7306032365,0.9999998979,1.8093526677e-11,0.0017826000
rbs,9,40910,15,9,Soft-Entropy-KKT(tau=25),643.5523977528,27.6902278354,-1627.8665844799,8.8691719156,1293.4476022472,0.0400766701,0.6677581839,1.0000000000,2.1760371283e-14,0.0003994999
rbs,9,40911,15,9,Hungarian(reference),342.0823812882,0.0000000000,342.0823812882,9.0000000000,1293.9176187118,0.0275849404,0.7909031899,0.0000000000,0.0000000000e+00,0.0000351000
rbs,9,40911,15,9,Continuous-LP(HiGHS),342.0823812882,0.0000000000,342.0823812882,9.0000000000,1293.9176187118,0.0275849404,0.7909031899,0.0000000000,0.0000000000e+00,0.0021653001
rbs,9,40911,15,9,Soft-Entropy-KKT(tau=1),344.9574534517,0.8404619240,270.2683808474,9.0000000000,1291.0425465483,0.0299185937,0.7891458108,0.9999996894,3.3289035150e-05,0.0042377999
rbs,9,40911,15,9,Soft-Entropy-KKT(tau=5),359.0639109112,4.9641637664,-42.8845070444,8.9999993422,1276.9360890888,0.0369355229,0.7805232818,0.9999994281,9.7372110375e-11,0.0016841999
rbs,9,40911,15,9,Soft-Entropy-KKT(tau=25),504.8814246995,47.5905958086,-1761.4200824906,8.6552574922,1131.1185753005,0.0733585558,0.6913927722,1.0000000000,1.0547118734e-14,0.0003119000
rbs,9,40912,15,9,Hungarian(reference),442.4730921746,0.0000000000,442.4730921746,9.0000000000,1254.5269078254,0.0188219255,0.7392615839,0.0000000000,0.0000000000e+00,0.0000353000
rbs,9,40912,15,9,Continuous-LP(HiGHS),442.4730921746,0.0000000000,442.4730921746,9.0000000000,1254.5269078254,0.0188219255,0.7392615839,0.0000000000,0.0000000000e+00,0.0021178999
rbs,9,40912,15,9,Soft-Entropy-KKT(tau=1),445.3726206735,0.6553005257,369.0656055517,9.0000000000,1251.6273793265,0.0197413246,0.7375529637,0.9999998472,2.9679136926e-10,0.0040106000
rbs,9,40912,15,9,Soft-Entropy-KKT(tau=5),461.5631896964,4.3144086860,45.4256801443,8.9999997566,1235.4368103036,0.0276932781,0.7280122630,0.9999998069,1.5580314816e-11,0.0012337001
rbs,9,40912,15,9,Soft-Entropy-KKT(tau=25),579.1017120101,30.8784019304,-1707.3865804078,8.7642975567,1117.8982879899,0.0513440024,0.6587497277,1.0000000000,5.2703397202e-11,0.0002180999
rbs,9,40913,15,9,Hungarian(reference),449.5363270024,0.0000000000,449.5363270024,9.0000000000,1371.4636729976,0.0207872781,0.7531376568,0.0000000000,0.0000000000e+00,0.0000447000
rbs,9,40913,15,9,Continuous-LP(HiGHS),449.5363270024,0.0000000000,449.5363270024,9.0000000000,1371.4636729976,0.0207872781,0.7531376568,0.0000000000,0.0000000000e+00,0.0024115001
rbs,9,40913,15,9,Soft-Entropy-KKT(tau=1),452.9330961369,0.7556161606,379.0995662022,9.0000000000,1368.0669038631,0.0228316715,0.7512723250,0.9999998271,7.6286831360e-04,0.0038811000
rbs,9,40913,15,9,Soft-Entropy-KKT(tau=5),468.5393994427,4.2272606904,68.9626293827,8.9999998711,1352.4606005573,0.0314531559,0.7427021420,0.9999996110,4.3487435875e-11,0.0028533000
rbs,9,40913,15,9,Soft-Entropy-KKT(tau=25),616.8765498429,37.2250723220,-1648.6744952363,8.8034766364,1204.1234501571,0.0635763978,0.6612429710,1.0000000000,3.2640556924e-14,0.0002906000
rbs,12,41212,15,12,Hungarian(reference),136.0203052679,0.0000000000,136.0203052679,12.0000000000,1737.9796947321,0.0218650545,0.9274171263,0.0000000000,0.0000000000e+00,0.0000532999
rbs,12,41212,15,12,Continuous-LP(HiGHS),136.0203052679,0.0000000000,136.0203052679,12.0000000000,1737.9796947321,0.0218650545,0.9274171263,0.0000000000,0.0000000000e+00,0.0022516000
rbs,12,41212,15,12,Soft-Entropy-KKT(tau=1),142.2594400345,4.5869142510,61.5192860237,12.0000000000,1731.7405599655,0.0252278286,0.9240878121,0.9999994678,6.5092034841e-04,0.0053241000
rbs,12,41212,15,12,Soft-Entropy-KKT(tau=5),167.2246794715,22.9409676314,-288.1250418115,11.9990268639,1706.7753205285,0.0379196424,0.9107659128,0.9999999796,8.0882189835e-11,0.0025716000
rbs,12,41212,15,12,Soft-Entropy-KKT(tau=25),333.4329241825,145.1346683319,-2252.5856940085,11.0898603903,1540.5670758175,0.0690684585,0.8220742133,1.0000000000,2.2517543385e-12,0.0002915000
rbs,12,41213,15,12,Hungarian(reference),181.3754933073,0.0000000000,181.3754933073,12.0000000000,1543.6245066927,0.0219012953,0.8948547865,0.0000000000,0.0000000000e+00,0.0000410001
rbs,12,41213,15,12,Continuous-LP(HiGHS),181.3754933073,0.0000000000,181.3754933073,12.0000000000,1543.6245066927,0.0219012953,0.8948547865,0.0000000000,0.0000000000e+00,0.0025441000
rbs,12,41213,15,12,Soft-Entropy-KKT(tau=1),187.0136769464,3.1085697060,107.0216035199,12.0000000000,1537.9863230536,0.0255228029,0.8915862742,0.9999998720,7.1444922812e-04,0.0042897001
rbs,12,41213,15,12,Soft-Entropy-KKT(tau=5),214.1317177817,18.0598954562,-242.4766889646,11.9999916430,1510.8682822183,0.0409495099,0.8758656709,0.9999996976,7.5779382769e-11,0.0020411001
rbs,12,41213,15,12,Soft-Entropy-KKT(tau=25),401.6155064840,121.4276577066,-2217.5004044110,11.1082143405,1323.3844935160,0.0767285499,0.7671794165,1.0000000000,2.8865798640e-15,0.0003398000
rbs,12,41214,15,12,Hungarian(reference),196.7762578207,0.0000000000,196.7762578207,12.0000000000,1514.2237421793,0.0126259184,0.8849934203,0.0000000000,0.0000000000e+00,0.0000446000
rbs,12,41214,15,12,Continuous-LP(HiGHS),196.7762578207,0.0000000000,196.7762578207,12.0000000000,1514.2237421793,0.0126259184,0.8849934203,0.0000000000,0.0000000000e+00,0.0025901000
rbs,12,41214,15,12,Soft-Entropy-KKT(tau=1),202.6529026963,2.9864603284,116.1973355591,12.0000000000,1508.3470973037,0.0167996595,0.8815587944,0.9999997373,2.8754998382e-11,0.0022873000
rbs,12,41214,15,12,Soft-Entropy-KKT(tau=5),225.0127088140,14.3495212817,-253.8265527461,11.9999954750,1485.9872911860,0.0299310892,0.8684905267,0.9999999235,2.2184587500e-11,0.0007144001
rbs,12,41214,15,12,Soft-Entropy-KKT(tau=25),369.8766459922,87.9681268912,-2278.4856195309,11.1748542790,1341.1233540078,0.0584647407,0.7838242864,1.0000000000,2.7755575616e-15,0.0002648000
rbs,12,41215,15,12,Hungarian(reference),107.9392168935,0.0000000000,107.9392168935,12.0000000000,1356.0607831065,0.0293107994,0.9262710267,0.0000000000,0.0000000000e+00,0.0000465000
rbs,12,41215,15,12,Continuous-LP(HiGHS),107.9392168935,0.0000000000,107.9392168935,12.0000000000,1356.0607831065,0.0293107994,0.9262710267,0.0000000000,0.0000000000e+00,0.0032604000
rbs,12,41215,15,12,Soft-Entropy-KKT(tau=1),113.8188161432,5.4471390649,32.6404170644,12.0000000000,1350.1811838568,0.0351643487,0.9222549070,0.9999996583,5.4753091424e-04,0.0042869000
rbs,12,41215,15,12,Soft-Entropy-KKT(tau=5),140.7437051721,30.3916307925,-321.1298828681,11.9823184296,1323.2562948279,0.0510580211,0.9038635894,0.9999999390,3.3719138592e-11,0.0011081999
rbs,12,41215,15,12,Soft-Entropy-KKT(tau=25),321.1762122073,197.5528463619,-2325.1191684956,10.5048186897,1142.8237877927,0.0837561562,0.7806173414,1.0000000000,3.1102898035e-12,0.0001878999
rbs,12,41216,15,12,Hungarian(reference),119.1554765510,0.0000000000,119.1554765510,12.0000000000,1333.8445234490,0.0175622008,0.9179934779,0.0000000000,0.0000000000e+00,0.0000466000
rbs,12,41216,15,12,Continuous-LP(HiGHS),119.1554765510,0.0000000000,119.1554765510,12.0000000000,1333.8445234490,0.0175622008,0.9179934779,0.0000000000,0.0000000000e+00,0.0023958000
rbs,12,41216,15,12,Soft-Entropy-KKT(tau=1),125.7206455136,5.5097500783,41.0338815802,12.0000000000,1327.2793544864,0.0232824124,0.9134751235,0.9999999226,6.5181751244e-04,0.0061356000
rbs,12,41216,15,12,Soft-Entropy-KKT(tau=5),150.1390007762,26.0026019131,-323.2453544382,11.9946941887,1302.8609992238,0.0391241203,0.8966696485,0.9999999683,4.7249204549e-11,0.0008499000
rbs,12,41216,15,12,Soft-Entropy-KKT(tau=25),308.1553055123,158.6161496156,-2358.8112023402,10.5476581687,1144.8446944877,0.0691442829,0.7879178902,1.0000000000,1.7253976026e-12,0.0002369001
rbs,15,41515,15,15,Hungarian(reference),22.0319031574,0.0000000000,22.0319031574,15.0000000000,1374.9680968426,0.0175712257,0.9842291316,0.0000000000,0.0000000000e+00,0.0000466000
rbs,15,41515,15,15,Continuous-LP(HiGHS),22.0319031574,0.0000000000,22.0319031574,15.0000000000,1374.9680968426,0.0175712257,0.9842291316,0.0000000000,0.0000000000e+00,0.0019812000
rbs,15,41515,15,15,Soft-Entropy-KKT(tau=1),30.0526479995,36.4051384247,-63.6045171413,14.9924136418,1366.9473520005,0.0229706023,0.9784877251,0.9999998151,5.0734732003e-04,0.0044468000
rbs,15,41515,15,15,Soft-Entropy-KKT(tau=5),63.3131304855,187.3702286777,-471.6601407872,14.6797095274,1333.6868695145,0.0391944882,0.9546792194,0.9999999380,3.0782154603e-11,0.0011024000
rbs,15,41515,15,15,Soft-Entropy-KKT(tau=25),272.3831273113,1136.3122938819,-2807.9476558709,12.0217925284,1124.6168726887,0.0751973059,0.8050228151,1.0000000000,1.5543122345e-15,0.0003464000
rbs,15,41516,15,15,Hungarian(reference),41.6393450208,0.0000000000,41.6393450208,15.0000000000,1727.3606549792,0.0239072480,0.9764616478,0.0000000000,0.0000000000e+00,0.0000684999
rbs,15,41516,15,15,Continuous-LP(HiGHS),41.6393450208,0.0000000000,41.6393450208,15.0000000000,1727.3606549792,0.0239072480,0.9764616478,0.0000000000,0.0000000000e+00,0.0026426000
rbs,15,41516,15,15,Soft-Entropy-KKT(tau=1),48.4009970766,16.2386129091,-41.1750412531,14.9919162572,1720.5990029234,0.0278570804,0.9726393459,0.9999998576,5.5363270007e-04,0.0047789001
rbs,15,41516,15,15,Soft-Entropy-KKT(tau=5),89.4560866360,114.8354797400,-434.0584269036,14.5768042635,1679.5439133640,0.0460784353,0.9494312682,0.9999999620,3.0223379355e-11,0.0011025000
rbs,15,41516,15,15,Soft-Entropy-KKT(tau=25),272.6316507061,554.7452909499,-2732.9181337533,12.3409149227,1496.3683492939,0.0809312467,0.8458837475,1.0000000000,4.0060177398e-12,0.0002396000
rbs,15,41517,15,15,Hungarian(reference),29.8485381321,0.0000000000,29.8485381321,15.0000000000,1443.1514618679,0.0334874125,0.9797362267,0.0000000000,0.0000000000e+00,0.0000514999
rbs,15,41517,15,15,Continuous-LP(HiGHS),29.8485381321,0.0000000000,29.8485381321,15.0000000000,1443.1514618679,0.0334874125,0.9797362267,0.0000000000,0.0000000000e+00,0.0031904000
rbs,15,41517,15,15,Soft-Entropy-KKT(tau=1),37.8101953988,26.6735249526,-57.6889534846,14.9918853089,1435.1898046012,0.0373593061,0.9743311640,0.9999997815,5.4217264129e-04,0.0044516000
rbs,15,41517,15,15,Soft-Entropy-KKT(tau=5),74.7378036673,150.3901642905,-471.7015903788,14.4124966352,1398.2621963327,0.0551854791,0.9492615046,0.9999998358,1.1310508086e-11,0.0011901000
rbs,15,41517,15,15,Soft-Entropy-KKT(tau=25),237.7982716899,696.6831428647,-2848.1435409777,11.6886634725,1235.2017283101,0.0846831305,0.8385619337,1.0000000000,8.8817841970e-16,0.0002285000
rbs,15,41518,15,15,Hungarian(reference),38.6568168141,0.0000000000,38.6568168141,15.0000000000,1567.3431831859,0.0288334033,0.9759297529,0.0000000000,0.0000000000e+00,0.0000478000
rbs,15,41518,15,15,Continuous-LP(HiGHS),38.6568168141,0.0000000000,38.6568168141,15.0000000000,1567.3431831859,0.0288334033,0.9759297529,0.0000000000,0.0000000000e+00,0.0023833000
rbs,15,41518,15,15,Soft-Entropy-KKT(tau=1),45.0509483000,16.5407604995,-42.4595633371,14.9909042427,1560.9490517000,0.0344622864,0.9719483510,0.9999999771,6.2041648460e-04,0.0038990000
rbs,15,41518,15,15,Soft-Entropy-KKT(tau=5),90.2592093799,133.4884680601,-441.3585569612,14.4634982952,1515.7407906201,0.0610815131,0.9437987488,0.9999997210,1.5507484186e-11,0.0009033000
rbs,15,41518,15,15,Soft-Entropy-KKT(tau=25),282.1707371649,629.9378490529,-2768.6748508335,11.8985837479,1323.8292628351,0.0972072597,0.8243021562,1.0000000000,5.4400928207e-15,0.0002054999
rbs,15,41519,15,15,Hungarian(reference),34.3994129841,0.0000000000,34.3994129841,15.0000000000,1550.6005870159,0.0270229577,0.9782969003,0.0000000000,0.0000000000e+00,0.0000510000
rbs,15,41519,15,15,Continuous-LP(HiGHS),34.3994129841,0.0000000000,34.3994129841,15.0000000000,1550.6005870159,0.0270229577,0.9782969003,0.0000000000,0.0000000000e+00,0.0022932000
rbs,15,41519,15,15,Soft-Entropy-KKT(tau=1),42.7190652420,24.1854483441,-50.4303696293,14.9920787780,1542.2809347580,0.0343937275,0.9730479084,0.9999996810,5.1519675246e-04,0.0043133000
rbs,15,41519,15,15,Soft-Entropy-KKT(tau=5),77.8546877490,126.3256288267,-460.2596580544,14.4386706091,1507.1453122510,0.0524580052,0.9508803232,0.9999999108,4.3886672074e-11,0.0007311001
rbs,15,41519,15,15,Soft-Entropy-KKT(tau=25),264.6307793918,669.2886489492,-2798.3729832620,11.9968974430,1320.3692206082,0.0860022632,0.8330405177,1.0000000000,8.6597395921e-15,0.0002058999
rbs,20,42020,15,20,Hungarian(reference),25.3555980256,0.0000000000,25.3555980256,15.0000000000,1784.6444019744,0.0138209362,0.9859913823,0.0000000000,0.0000000000e+00,0.0000428000
rbs,20,42020,15,20,Continuous-LP(HiGHS),25.3555980256,0.0000000000,25.3555980256,15.0000000000,1784.6444019744,0.0138209362,0.9859913823,0.0000000000,0.0000000000e+00,0.0029880001
rbs,20,42020,15,20,Soft-Entropy-KKT(tau=1),36.0865601490,42.3218656196,-90.3066479728,14.9999999999,1773.9134398510,0.0204378320,0.9800626740,0.9999997637,6.0468741125e-11,0.0007050000
rbs,20,42020,15,20,Soft-Entropy-KKT(tau=5),66.8702797600,163.7298465311,-633.3898930120,14.9999298478,1743.1297202400,0.0379205313,0.9630550941,0.9999999539,4.7677861659e-11,0.0003722000
rbs,20,42020,15,20,Soft-Entropy-KKT(tau=25),189.0917146266,645.7592380021,-3533.1338650317,14.1483444837,1620.9082853734,0.0674548438,0.8955294394,1.0000000000,1.2212453271e-15,0.0003170000
rbs,20,42021,15,20,Hungarian(reference),11.4451863484,0.0000000000,11.4451863484,15.0000000000,1658.5548136516,0.0082938145,0.9931465950,0.0000000000,0.0000000000e+00,0.0000422000
rbs,20,42021,15,20,Continuous-LP(HiGHS),11.4451863484,0.0000000000,11.4451863484,15.0000000000,1658.5548136516,0.0082938145,0.9931465950,0.0000000000,0.0000000000e+00,0.0024188000
rbs,20,42021,15,20,Soft-Entropy-KKT(tau=1),19.4993843775,70.3719256629,-112.0530138790,14.9999999999,1650.5006156225,0.0140863561,0.9883237219,0.9999997447,1.0383804927e-11,0.0003952001
rbs,20,42021,15,20,Soft-Entropy-KKT(tau=5),41.3185549205,261.0125135819,-663.2240431754,14.9957551439,1628.6814450795,0.0300371053,0.9752583503,0.9999997563,5.2180482157e-15,0.0003337000
rbs,20,42021,15,20,Soft-Entropy-KKT(tau=25),173.3219222109,1414.3652268733,-3593.8602698555,13.4573422269,1496.6780777891,0.0611953327,0.8962144178,1.0000000000,1.1102230246e-15,0.0002168000
rbs,20,42022,15,20,Hungarian(reference),13.1404865196,0.0000000000,13.1404865196,15.0000000000,1514.8595134804,0.0090184709,0.9914002052,0.0000000000,0.0000000000e+00,0.0000468000
rbs,20,42022,15,20,Continuous-LP(HiGHS),13.1404865196,0.0000000000,13.1404865196,15.0000000000,1514.8595134804,0.0090184709,0.9914002052,0.0000000000,0.0000000000e+00,0.0026574000
rbs,20,42022,15,20,Soft-Entropy-KKT(tau=1),21.7862828022,65.7951002778,-106.8565680083,14.9999999998,1506.2137171978,0.0164172202,0.9857419615,0.9999996983,3.4770408774e-11,0.0004151000
rbs,20,42022,15,20,Soft-Entropy-KKT(tau=5),49.9799908894,280.3511446460,-653.2045358085,14.9893467370,1478.0200091106,0.0349934894,0.9672905819,0.9999998308,7.3290706837e-11,0.0002736000
rbs,20,42022,15,20,Soft-Entropy-KKT(tau=25),187.4314421982,1326.3660779863,-3588.5495318017,13.4078586721,1340.5685578018,0.0687508108,0.8773354436,1.0000000000,1.2212453271e-15,0.0002785000
rbs,20,42023,15,20,Hungarian(reference),23.9660010173,0.0000000000,23.9660010173,15.0000000000,1732.0339989827,0.0137136017,0.9863519356,0.0000000000,0.0000000000e+00,0.0000509999
rbs,20,42023,15,20,Continuous-LP(HiGHS),23.9660010173,0.0000000000,23.9660010173,15.0000000000,1732.0339989827,0.0137136017,0.9863519356,0.0000000000,0.0000000000e+00,0.0024954000
rbs,20,42023,15,20,Soft-Entropy-KKT(tau=1),32.4228776843,35.2869744973,-92.0029226235,14.9999999999,1723.5771223157,0.0195619392,0.9815359466,0.9999996357,1.1701084546e-11,0.0004672999
rbs,20,42023,15,20,Soft-Entropy-KKT(tau=5),65.6251677428,173.8261076405,-628.8279674540,14.9696694951,1690.3748322572,0.0408113026,0.9626280366,0.9999998273,7.6605388699e-15,0.0003372000
rbs,20,42023,15,20,Soft-Entropy-KKT(tau=25),199.5149953135,732.4918085801,-3534.4383731571,13.6592574706,1556.4850046865,0.0781728670,0.8863809822,1.0000000000,1.3322676296e-15,0.0002065001
rbs,20,42024,15,20,Hungarian(reference),17.7900254228,0.0000000000,17.7900254228,15.0000000000,1927.2099745772,0.0093822143,0.9908534574,0.0000000000,0.0000000000e+00,0.0000516000
rbs,20,42024,15,20,Continuous-LP(HiGHS),17.7900254228,0.0000000000,17.7900254228,15.0000000000,1927.2099745772,0.0093822143,0.9908534574,0.0000000000,0.0000000000e+00,0.0037572001
rbs,20,42024,15,20,Soft-Entropy-KKT(tau=1),26.4443335614,48.6469689217,-105.1530770505,14.9999999995,1918.5556664386,0.0151434862,0.9864039416,0.9999997503,6.1311511423e-11,0.0004098001
rbs,20,42024,15,20,Soft-Entropy-KKT(tau=5),49.3104877115,177.1805353819,-655.7226123260,14.9738090896,1895.6895122885,0.0275968415,0.9746475642,0.9999998014,9.4433350029e-11,0.0002486000
rbs,20,42024,15,20,Soft-Entropy-KKT(tau=25),152.4914009954,757.1735979640,-3579.7573435923,13.7859014338,1792.5085990046,0.0532844167,0.9215982514,1.0000000000,1.1102230246e-15,0.0002620000
