scenario,x_value,method,metric,runs,value_mean,value_std,objective_mean,selected_mass_mean,mean_packet_error_mean,matching_work_units_mean,fractional_mass_ratio_mean,runtime_seconds_mean
convergence_users,3,Continuous-LP(HiGHS),normalized_convergence_gap,3,0.0141874237,0.0038621752,3.6975306111,3.0000000000,0.0144117864,1332.0000000000,0.0000000000,0.0013201666
convergence_users,3,Hybrid-Score-Greedy(alpha=0.25),normalized_convergence_gap,3,0.0141874237,0.0038621752,3.6975306111,3.0000000000,0.0144117864,4542.1173000519,0.0000000000,0.0010711666
convergence_users,3,LP-Relax+Projection,normalized_convergence_gap,3,0.0141874237,0.0038621752,3.6975306111,3.0000000000,0.0144117864,144.0000000000,0.0000000000,0.0016222999
convergence_users,3,Paper-Hungarian,normalized_convergence_gap,3,0.0141874237,0.0038621752,3.6975306111,3.0000000000,0.0144117864,144.0000000000,0.0000000000,0.0000222666
convergence_users,3,Paper-OptUser-RandomRB,normalized_convergence_gap,3,0.1585795920,0.0836943605,38.8102946043,3.0000000000,0.1462315727,36.0000000000,0.0000000000,0.0000298001
convergence_users,3,Paper-RandomUserRB,normalized_convergence_gap,3,0.2040258710,0.1865418033,36.0761894163,3.0000000000,0.1683862167,36.0000000000,0.0000000000,0.0000199000
convergence_users,3,Paper-Wireless-PER,normalized_convergence_gap,3,0.0141874237,0.0038621752,3.6975306111,3.0000000000,0.0144117864,144.0000000000,0.0000000000,0.0000083666
convergence_users,3,Soft-Entropy-KKT(tau=1),normalized_convergence_gap,3,0.0235517537,0.0031087752,5.4490787475,2.9999999996,0.0251015600,225036.0000000000,0.9999998513,0.0003038001
convergence_users,6,Continuous-LP(HiGHS),normalized_convergence_gap,3,0.0152870329,0.0051545349,9.9808837559,6.0000000000,0.0148300437,5256.0000000000,0.0000000000,0.0016015333
convergence_users,6,Hybrid-Score-Greedy(alpha=0.25),normalized_convergence_gap,3,0.0168751348,0.0059041220,11.1624728544,6.0000000000,0.0177664895,9156.2346001038,0.0000000000,0.0011837000
convergence_users,6,LP-Relax+Projection,normalized_convergence_gap,3,0.0152870329,0.0051545349,9.9808837559,6.0000000000,0.0148300437,504.0000000000,0.0000000000,0.0019335333
convergence_users,6,Paper-Hungarian,normalized_convergence_gap,3,0.0152870329,0.0051545349,9.9808837559,6.0000000000,0.0148300437,504.0000000000,0.0000000000,0.0000321334
convergence_users,6,Paper-OptUser-RandomRB,normalized_convergence_gap,3,0.3028291567,0.1843155637,203.5999429612,5.0000000000,0.1189596882,72.0000000000,0.0000000000,0.0001082333
convergence_users,6,Paper-RandomUserRB,normalized_convergence_gap,3,0.1660140125,0.1178582764,96.0256687850,5.6666666667,0.0902952084,72.0000000000,0.0000000000,0.0000440333
convergence_users,6,Paper-Wireless-PER,normalized_convergence_gap,3,0.0157937655,0.0056093832,10.3690408780,6.0000000000,0.0147714526,504.0000000000,0.0000000000,0.0000134668
convergence_users,6,Soft-Entropy-KKT(tau=1),normalized_convergence_gap,3,0.0202517382,0.0058474146,13.1252514751,5.9999999999,0.0208540977,324072.0000000000,0.9999999226,0.0004917001
convergence_users,9,Continuous-LP(HiGHS),normalized_convergence_gap,3,0.0155029757,0.0084037149,14.6636014930,9.0000000000,0.0176448220,11772.0000000000,0.0000000000,0.0022415000
convergence_users,9,Hybrid-Score-Greedy(alpha=0.25),normalized_convergence_gap,3,0.0219703907,0.0102420079,20.4098179197,9.0000000000,0.0294168479,13797.5278502337,0.0000000000,0.0011923000
convergence_users,9,LP-Relax+Projection,normalized_convergence_gap,3,0.0155029757,0.0084037149,14.6636014930,9.0000000000,0.0176448220,1080.0000000000,0.0000000000,0.0019674667
convergence_users,9,Paper-Hungarian,normalized_convergence_gap,3,0.0155029757,0.0084037149,14.6636014930,9.0000000000,0.0176448220,1080.0000000000,0.0000000000,0.0000337333
convergence_users,9,Paper-OptUser-RandomRB,normalized_convergence_gap,3,0.3797550073,0.0815660077,374.0019204764,6.0000000000,0.1173425643,108.0000000000,0.0000000000,0.0000445666
convergence_users,9,Paper-RandomUserRB,normalized_convergence_gap,3,0.1134921197,0.0242605165,110.5551560223,9.0000000000,0.0885323427,108.0000000000,0.0000000000,0.0000238001
convergence_users,9,Paper-Wireless-PER,normalized_convergence_gap,3,0.0160797980,0.0085362770,15.2713017067,9.0000000000,0.0175027809,1080.0000000000,0.0000000000,0.0000134334
convergence_users,9,Soft-Entropy-KKT(tau=1),normalized_convergence_gap,3,0.0201175227,0.0081259519,19.2070348795,8.9999999998,0.0238086117,441108.0000000000,0.9999997802,0.0007642666
convergence_users,12,Continuous-LP(HiGHS),normalized_convergence_gap,3,0.0184104222,0.0023441586,26.3750713723,12.0000000000,0.0192741047,20880.0000000000,0.0000000000,0.0021234333
convergence_users,12,Hybrid-Score-Greedy(alpha=0.25),normalized_convergence_gap,3,0.0276387174,0.0073261682,39.4399003275,12.0000000000,0.0393819785,18456.4692002077,0.0000000000,0.0011251667
convergence_users,12,LP-Relax+Projection,normalized_convergence_gap,3,0.0184104222,0.0023441586,26.3750713723,12.0000000000,0.0192741047,1872.0000000000,0.0000000000,0.0021535334
convergence_users,12,Paper-Hungarian,normalized_convergence_gap,3,0.0184104222,0.0023441586,26.3750713723,12.0000000000,0.0192741047,1872.0000000000,0.0000000000,0.0000408666
convergence_users,12,Paper-OptUser-RandomRB,normalized_convergence_gap,3,0.4997798282,0.0381973752,721.4294482686,6.6666666667,0.1129576275,144.0000000000,0.0000000000,0.0000556000
convergence_users,12,Paper-RandomUserRB,normalized_convergence_gap,3,0.0921495440,0.0110085640,133.8607509330,12.0000000000,0.0850642412,144.0000000000,0.0000000000,0.0000276334
convergence_users,12,Paper-Wireless-PER,normalized_convergence_gap,3,0.0193226684,0.0023345756,27.7238459681,12.0000000000,0.0188481456,1872.0000000000,0.0000000000,0.0000168667
convergence_users,12,Soft-Entropy-KKT(tau=1),normalized_convergence_gap,3,0.0226331563,0.0022672932,32.4063875668,11.9939139389,0.0239986761,576144.0000000000,0.9999998844,0.0053255666
convergence_users,15,Continuous-LP(HiGHS),normalized_convergence_gap,3,0.1096850232,0.0196703456,180.7578943022,12.0000000000,0.0227330746,32580.0000000000,0.0000000000,0.0026298999
convergence_users,15,Hybrid-Score-Greedy(alpha=0.25),normalized_convergence_gap,3,0.1179880765,0.0179713482,193.9397330838,12.0000000000,0.0292235557,23128.5335573393,0.0000000000,0.0012422667
convergence_users,15,LP-Relax+Projection,normalized_convergence_gap,3,0.1096850232,0.0196703456,180.7578943022,12.0000000000,0.0227330746,2340.0000000000,0.0000000000,0.0027571000
convergence_users,15,Paper-Hungarian,normalized_convergence_gap,3,0.1096850232,0.0196703456,180.7578943022,12.0000000000,0.0227330746,2340.0000000000,0.0000000000,0.0000507333
convergence_users,15,Paper-OptUser-RandomRB,normalized_convergence_gap,3,0.4616557526,0.0913661931,762.0001698992,8.0000000000,0.1054639925,180.0000000000,0.0000000000,0.0000572333
convergence_users,15,Paper-RandomUserRB,normalized_convergence_gap,3,0.3339558022,0.0675103838,527.3714939711,11.6666666667,0.1688403604,180.0000000000,0.0000000000,0.0000268666
convergence_users,15,Paper-Wireless-PER,normalized_convergence_gap,3,0.1776726734,0.0084956681,286.3079417225,12.0000000000,0.0166471403,2340.0000000000,0.0000000000,0.0000200333
convergence_users,15,Soft-Entropy-KKT(tau=1),normalized_convergence_gap,3,0.1133139503,0.0196446721,186.5884212479,12.0000000000,0.0264973893,729180.0000000000,0.9999997823,0.0039132334
convergence_users,18,Continuous-LP(HiGHS),normalized_convergence_gap,3,0.2005446359,0.0118473359,398.3941949128,12.0000000000,0.0199888920,46872.0000000000,0.0000000000,0.0023996666
convergence_users,18,Hybrid-Score-Greedy(alpha=0.25),normalized_convergence_gap,3,0.2071960155,0.0126521580,411.3846187085,12.0000000000,0.0290057330,27811.0557004673,0.0000000000,0.0013071000
convergence_users,18,LP-Relax+Projection,normalized_convergence_gap,3,0.2005446359,0.0118473359,398.3941949128,12.0000000000,0.0199888920,2808.0000000000,0.0000000000,0.0027616999
convergence_users,18,Paper-Hungarian,normalized_convergence_gap,3,0.2005446359,0.0118473359,398.3941949128,12.0000000000,0.0199888920,2808.0000000000,0.0000000000,0.0000451667
convergence_users,18,Paper-OptUser-RandomRB,normalized_convergence_gap,3,0.4876021319,0.0470110410,965.9385689963,9.6666666667,0.0560700742,216.0000000000,0.0000000000,0.0000635666
convergence_users,18,Paper-RandomUserRB,normalized_convergence_gap,3,0.4420304110,0.0231167678,877.0766880243,11.3333333333,0.1451182826,216.0000000000,0.0000000000,0.0000280667
convergence_users,18,Paper-Wireless-PER,normalized_convergence_gap,3,0.4056810929,0.0139384521,805.4861210211,12.0000000000,0.0133048576,2808.0000000000,0.0000000000,0.0000211666
convergence_users,18,Soft-Entropy-KKT(tau=1),normalized_convergence_gap,3,0.2034723319,0.0117367083,404.1583025075,12.0000000000,0.0231778558,900216.0000000000,0.9999998399,0.0040606999
digit_iterations,0,Continuous-LP(HiGHS),digit_accuracy,3,0.0985691574,0.0000000000,0.0000000000,0.0000000000,0.0000000000,0.0000000000,0.0000000000,0.0000000000
digit_iterations,0,Hybrid-Score-Greedy(alpha=0.25),digit_accuracy,3,0.0985691574,0.0000000000,0.0000000000,0.0000000000,0.0000000000,0.0000000000,0.0000000000,0.0000000000
digit_iterations,0,LP-Relax+Projection,digit_accuracy,3,0.0985691574,0.0000000000,0.0000000000,0.0000000000,0.0000000000,0.0000000000,0.0000000000,0.0000000000
digit_iterations,0,Paper-Hungarian,digit_accuracy,3,0.0985691574,0.0000000000,0.0000000000,0.0000000000,0.0000000000,0.0000000000,0.0000000000,0.0000000000
digit_iterations,0,Paper-OptUser-RandomRB,digit_accuracy,3,0.0985691574,0.0000000000,0.0000000000,0.0000000000,0.0000000000,0.0000000000,0.0000000000,0.0000000000
digit_iterations,0,Paper-RandomUserRB,digit_accuracy,3,0.0985691574,0.0000000000,0.0000000000,0.0000000000,0.0000000000,0.0000000000,0.0000000000,0.0000000000
digit_iterations,0,Paper-Wireless-PER,digit_accuracy,3,0.0985691574,0.0000000000,0.0000000000,0.0000000000,0.0000000000,0.0000000000,0.0000000000,0.0000000000
digit_iterations,0,Soft-Entropy-KKT(tau=1),digit_accuracy,3,0.0985691574,0.0000000000,0.0000000000,0.0000000000,0.0000000000,0.0000000000,0.0000000000,0.0000000000
digit_iterations,10,Continuous-LP(HiGHS),digit_accuracy,3,0.8039215686,0.0322263822,247.0740910412,12.0000000000,0.0146864059,32580.0000000000,0.0000000000,0.0018482333
digit_iterations,10,Hybrid-Score-Greedy(alpha=0.25),digit_accuracy,3,0.8362480127,0.0181732148,253.7547185308,12.0000000000,0.0218374079,23128.5335573393,0.0000000000,0.0011936332
digit_iterations,10,LP-Relax+Projection,digit_accuracy,3,0.8039215686,0.0322263822,247.0740910412,12.0000000000,0.0146864059,2340.0000000000,0.0000000000,0.0028368667
digit_iterations,10,Paper-Hungarian,digit_accuracy,3,0.8039215686,0.0322263822,247.0740910412,12.0000000000,0.0146864059,2340.0000000000,0.0000000000,0.0000466000
digit_iterations,10,Paper-OptUser-RandomRB,digit_accuracy,3,0.5924748278,0.1545995371,572.2964224340,8.3333333333,0.0826595418,180.0000000000,0.0000000000,0.0001063667
digit_iterations,10,Paper-RandomUserRB,digit_accuracy,3,0.8044515103,0.0208907296,402.6513661411,12.0000000000,0.1809652475,180.0000000000,0.0000000000,0.0000264999
digit_iterations,10,Paper-Wireless-PER,digit_accuracy,3,0.8261791203,0.0475945482,247.3769705050,12.0000000000,0.0143199385,2340.0000000000,0.0000000000,0.0000198666
digit_iterations,10,Soft-Entropy-KKT(tau=1),digit_accuracy,3,0.8924218336,0.0092094049,254.1254858195,12.0000000000,0.0219180491,729180.0000000000,0.9999997507,0.0011999000
digit_iterations,20,Continuous-LP(HiGHS),digit_accuracy,3,0.8982511924,0.0149702670,246.7127663533,12.0000000000,0.0143100424,32580.0000000000,0.0000000000,0.0030946667
digit_iterations,20,Hybrid-Score-Greedy(alpha=0.25),digit_accuracy,3,0.8812930577,0.0130024845,252.0575445324,12.0000000000,0.0200242149,23128.5335573393,0.0000000000,0.0014603334
digit_iterations,20,LP-Relax+Projection,digit_accuracy,3,0.8982511924,0.0149702670,246.7127663533,12.0000000000,0.0143100424,2340.0000000000,0.0000000000,0.0039169001
digit_iterations,20,Paper-Hungarian,digit_accuracy,3,0.8982511924,0.0149702670,246.7127663533,12.0000000000,0.0143100424,2340.0000000000,0.0000000000,0.0000506001
digit_iterations,20,Paper-OptUser-RandomRB,digit_accuracy,3,0.8383677796,0.0246750328,483.5683613385,9.6666666667,0.0905435091,180.0000000000,0.0000000000,0.0000593334
digit_iterations,20,Paper-RandomUserRB,digit_accuracy,3,0.8738738739,0.0314322896,339.7674319210,12.0000000000,0.1134042571,180.0000000000,0.0000000000,0.0000283333
digit_iterations,20,Paper-Wireless-PER,digit_accuracy,3,0.8929517753,0.0207829057,246.8958760837,12.0000000000,0.0141510528,2340.0000000000,0.0000000000,0.0000220000
digit_iterations,20,Soft-Entropy-KKT(tau=1),digit_accuracy,3,0.9077901431,0.0034344148,253.2135766517,12.0000000000,0.0210874735,729180.0000000000,0.9999998707,0.0019872667
digit_iterations,40,Continuous-LP(HiGHS),digit_accuracy,3,0.9220985692,0.0077885207,247.8228385199,12.0000000000,0.0158457598,32580.0000000000,0.0000000000,0.0029094000
digit_iterations,40,Hybrid-Score-Greedy(alpha=0.25),digit_accuracy,3,0.9178590355,0.0076060944,252.2843721347,12.0000000000,0.0199202530,23128.5335573393,0.0000000000,0.0015907999
digit_iterations,40,LP-Relax+Projection,digit_accuracy,3,0.9220985692,0.0077885207,247.8228385199,12.0000000000,0.0158457598,2340.0000000000,0.0000000000,0.0026989666
digit_iterations,40,Paper-Hungarian,digit_accuracy,3,0.9220985692,0.0077885207,247.8228385199,12.0000000000,0.0158457598,2340.0000000000,0.0000000000,0.0000777334
digit_iterations,40,Paper-OptUser-RandomRB,digit_accuracy,3,0.9120296767,0.0027021831,557.5595462480,8.6666666667,0.0916521338,180.0000000000,0.0000000000,0.0000506001
digit_iterations,40,Paper-RandomUserRB,digit_accuracy,3,0.9146793853,0.0111916863,348.7741049335,12.0000000000,0.1234447557,180.0000000000,0.0000000000,0.0000260000
digit_iterations,40,Paper-Wireless-PER,digit_accuracy,3,0.9252782194,0.0077885206,247.8228385199,12.0000000000,0.0158457598,2340.0000000000,0.0000000000,0.0000600666
digit_iterations,40,Soft-Entropy-KKT(tau=1),digit_accuracy,3,0.9258081611,0.0054043662,254.6995145911,12.0000000000,0.0229203467,729180.0000000000,0.9999998564,0.0012169333
digit_iterations,60,Continuous-LP(HiGHS),digit_accuracy,3,0.9252782194,0.0068688296,246.8342063291,12.0000000000,0.0147851510,32580.0000000000,0.0000000000,0.0019803000
digit_iterations,60,Hybrid-Score-Greedy(alpha=0.25),digit_accuracy,3,0.9247482777,0.0078244955,250.9151797678,12.0000000000,0.0184569550,23128.5335573393,0.0000000000,0.0011793667
digit_iterations,60,LP-Relax+Projection,digit_accuracy,3,0.9252782194,0.0068688296,246.8342063291,12.0000000000,0.0147851510,2340.0000000000,0.0000000000,0.0026412667
digit_iterations,60,Paper-Hungarian,digit_accuracy,3,0.9252782194,0.0068688296,246.8342063291,12.0000000000,0.0147851510,2340.0000000000,0.0000000000,0.0000604999
digit_iterations,60,Paper-OptUser-RandomRB,digit_accuracy,3,0.9231584526,0.0093905909,538.0838907868,9.0000000000,0.1012296387,180.0000000000,0.0000000000,0.0000605333
digit_iterations,60,Paper-RandomUserRB,digit_accuracy,3,0.9263381028,0.0073812338,371.7997886320,12.0000000000,0.1473448488,180.0000000000,0.0000000000,0.0000273333
digit_iterations,60,Paper-Wireless-PER,digit_accuracy,3,0.9258081611,0.0088358940,247.4089984166,12.0000000000,0.0143607451,2340.0000000000,0.0000000000,0.0000193666
digit_iterations,60,Soft-Entropy-KKT(tau=1),digit_accuracy,3,0.9263381028,0.0061345188,253.5167118813,12.0000000000,0.0214524685,729180.0000000000,0.9999998844,0.0012473667
digit_iterations,80,Continuous-LP(HiGHS),digit_accuracy,3,0.9289878114,0.0099143015,244.1085069145,12.0000000000,0.0115236592,32580.0000000000,0.0000000000,0.0024775667
digit_iterations,80,Hybrid-Score-Greedy(alpha=0.25),digit_accuracy,3,0.9300476947,0.0089934090,248.7778852214,12.0000000000,0.0172209919,23128.5335573393,0.0000000000,0.0012598334
digit_iterations,80,LP-Relax+Projection,digit_accuracy,3,0.9289878114,0.0099143015,244.1085069145,12.0000000000,0.0115236592,2340.0000000000,0.0000000000,0.0023215667
digit_iterations,80,Paper-Hungarian,digit_accuracy,3,0.9289878114,0.0099143015,244.1085069145,12.0000000000,0.0115236592,2340.0000000000,0.0000000000,0.0000446001
digit_iterations,80,Paper-OptUser-RandomRB,digit_accuracy,3,0.9353471118,0.0032667801,555.5965305643,8.3333333333,0.0565694535,180.0000000000,0.0000000000,0.0000533333
digit_iterations,80,Paper-RandomUserRB,digit_accuracy,3,0.9295177530,0.0061345187,387.9004019892,11.6666666667,0.1394765879,180.0000000000,0.0000000000,0.0000254667
digit_iterations,80,Paper-Wireless-PER,digit_accuracy,3,0.9332273450,0.0046803184,244.4255099814,12.0000000000,0.0115184639,2340.0000000000,0.0000000000,0.0000209666
digit_iterations,80,Soft-Entropy-KKT(tau=1),digit_accuracy,3,0.9305776365,0.0037472537,251.9606933119,12.0000000000,0.0199153374,729180.0000000000,0.9999998044,0.0012010000
digit_iterations,100,Continuous-LP(HiGHS),digit_accuracy,3,0.9369369369,0.0083455303,243.9365891587,12.0000000000,0.0113380776,32580.0000000000,0.0000000000,0.0025810001
digit_iterations,100,Hybrid-Score-Greedy(alpha=0.25),digit_accuracy,3,0.9406465289,0.0027021831,249.3097677295,12.0000000000,0.0170867544,23128.5335573393,0.0000000000,0.0017065667
digit_iterations,100,LP-Relax+Projection,digit_accuracy,3,0.9369369369,0.0083455303,243.9365891587,12.0000000000,0.0113380776,2340.0000000000,0.0000000000,0.0026002334
digit_iterations,100,Paper-Hungarian,digit_accuracy,3,0.9369369369,0.0083455303,243.9365891587,12.0000000000,0.0113380776,2340.0000000000,0.0000000000,0.0000520000
digit_iterations,100,Paper-OptUser-RandomRB,digit_accuracy,3,0.9311075781,0.0049144772,598.6189256500,8.0000000000,0.0869092204,180.0000000000,0.0000000000,0.0000515333
digit_iterations,100,Paper-RandomUserRB,digit_accuracy,3,0.9342872284,0.0066612640,430.3909455420,11.6666666667,0.1901120130,180.0000000000,0.0000000000,0.0000256334
digit_iterations,100,Paper-Wireless-PER,digit_accuracy,3,0.9369369369,0.0071493045,243.9365891587,12.0000000000,0.0113380776,2340.0000000000,0.0000000000,0.0000199667
digit_iterations,100,Soft-Entropy-KKT(tau=1),digit_accuracy,3,0.9364069952,0.0038942603,251.1711760322,12.0000000000,0.0189293204,729180.0000000000,0.9999998946,0.0013194666
digit_iterations,120,Continuous-LP(HiGHS),digit_accuracy,3,0.9374668787,0.0071493045,243.9804808573,12.0000000000,0.0110319865,32580.0000000000,0.0000000000,0.0029815333
digit_iterations,120,Hybrid-Score-Greedy(alpha=0.25),digit_accuracy,3,0.9385267620,0.0007494508,250.5913590117,12.0000000000,0.0188175443,23128.5335573393,0.0000000000,0.0013686333
digit_iterations,120,LP-Relax+Projection,digit_accuracy,3,0.9374668787,0.0071493045,243.9804808573,12.0000000000,0.0110319865,2340.0000000000,0.0000000000,0.0025055999
digit_iterations,120,Paper-Hungarian,digit_accuracy,3,0.9374668787,0.0071493045,243.9804808573,12.0000000000,0.0110319865,2340.0000000000,0.0000000000,0.0000688334
digit_iterations,120,Paper-OptUser-RandomRB,digit_accuracy,3,0.9379968203,0.0051923471,528.2525296380,9.0000000000,0.0875237757,180.0000000000,0.0000000000,0.0000519333
digit_iterations,120,Paper-RandomUserRB,digit_accuracy,3,0.9385267621,0.0014989015,373.0253269003,12.0000000000,0.1487438221,180.0000000000,0.0000000000,0.0000254667
digit_iterations,120,Paper-Wireless-PER,digit_accuracy,3,0.9369369370,0.0076060944,243.9804808573,12.0000000000,0.0110319865,2340.0000000000,0.0000000000,0.0000203000
digit_iterations,120,Soft-Entropy-KKT(tau=1),digit_accuracy,3,0.9401165872,0.0032667801,250.7680402798,12.0000000000,0.0185876670,729180.0000000000,0.9999998482,0.0014563332
digit_rbs,3,Continuous-LP(HiGHS),digit_accuracy,3,0.3063063063,0.1440193980,935.0227914241,3.0000000000,0.0043709035,2070.0000000000,0.0000000000,0.0013489333
digit_rbs,3,Hybrid-Score-Greedy(alpha=0.25),digit_accuracy,3,0.3529411765,0.0841356522,940.1814885327,3.0000000000,0.0264166177,5692.1333893348,0.0000000000,0.0010584333
digit_rbs,3,LP-Relax+Projection,digit_accuracy,3,0.3063063063,0.1440193980,935.0227914241,3.0000000000,0.0043709035,180.0000000000,0.0000000000,0.0019215000
digit_rbs,3,Paper-Hungarian,digit_accuracy,3,0.3063063063,0.1440193980,935.0227914241,3.0000000000,0.0043709035,180.0000000000,0.0000000000,0.0000316333
digit_rbs,3,Paper-OptUser-RandomRB,digit_accuracy,3,0.4107048225,0.1517003839,936.4092241591,3.0000000000,0.0074618126,45.0000000000,0.0000000000,0.0000316666
digit_rbs,3,Paper-RandomUserRB,digit_accuracy,3,0.3852676205,0.0314054741,958.1193527495,3.0000000000,0.1030741570,45.0000000000,0.0000000000,0.0000196999
digit_rbs,3,Paper-Wireless-PER,digit_accuracy,3,0.3842077371,0.0370428874,935.2772911969,3.0000000000,0.0040377550,180.0000000000,0.0000000000,0.0000086000
digit_rbs,3,Soft-Entropy-KKT(tau=1),digit_accuracy,3,0.5882352941,0.0809510892,937.0823032449,3.0000000000,0.0118042216,324045.0000000000,0.9999998185,0.0003521000
digit_rbs,6,Continuous-LP(HiGHS),digit_accuracy,3,0.6226815050,0.0656571897,705.3407469219,6.0000000000,0.0114118524,8190.0000000000,0.0000000000,0.0018752666
digit_rbs,6,Hybrid-Score-Greedy(alpha=0.25),digit_accuracy,3,0.5490196078,0.1060730981,710.1503140474,6.0000000000,0.0209816848,11474.2667786697,0.0000000000,0.0011785333
digit_rbs,6,LP-Relax+Projection,digit_accuracy,3,0.6226815050,0.0656571897,705.3407469219,6.0000000000,0.0114118524,630.0000000000,0.0000000000,0.0023190333
digit_rbs,6,Paper-Hungarian,digit_accuracy,3,0.6226815050,0.0656571897,705.3407469219,6.0000000000,0.0114118524,630.0000000000,0.0000000000,0.0000397334
digit_rbs,6,Paper-OptUser-RandomRB,digit_accuracy,3,0.6157922628,0.0928865521,721.7932389842,6.0000000000,0.0445183715,90.0000000000,0.0000000000,0.0000461666
digit_rbs,6,Paper-RandomUserRB,digit_accuracy,3,0.4456809751,0.1173339288,762.4702142859,6.0000000000,0.1308006286,90.0000000000,0.0000000000,0.0000581334
digit_rbs,6,Paper-Wireless-PER,digit_accuracy,3,0.6497085320,0.0312979821,705.7315993787,6.0000000000,0.0108408794,630.0000000000,0.0000000000,0.0000162001
digit_rbs,6,Soft-Entropy-KKT(tau=1),digit_accuracy,3,0.7207207207,0.0100828286,709.0328160826,6.0000000000,0.0185142978,441090.0000000000,0.9999997686,0.0008752666
digit_rbs,9,Continuous-LP(HiGHS),digit_accuracy,3,0.7291997880,0.0313786356,475.6638722144,9.0000000000,0.0133050972,18360.0000000000,0.0000000000,0.0018604000
digit_rbs,9,Hybrid-Score-Greedy(alpha=0.25),digit_accuracy,3,0.7874933757,0.0363077756,482.3670792727,9.0000000000,0.0219233436,17290.3701056019,0.0000000000,0.0012551333
digit_rbs,9,LP-Relax+Projection,digit_accuracy,3,0.7291997880,0.0313786356,475.6638722144,9.0000000000,0.0133050972,1350.0000000000,0.0000000000,0.0020415000
digit_rbs,9,Paper-Hungarian,digit_accuracy,3,0.7291997880,0.0313786356,475.6638722144,9.0000000000,0.0133050972,1350.0000000000,0.0000000000,0.0000410000
digit_rbs,9,Paper-OptUser-RandomRB,digit_accuracy,3,0.6597774245,0.1156754834,600.8738566640,8.0000000000,0.0983608379,135.0000000000,0.0000000000,0.0000673000
digit_rbs,9,Paper-RandomUserRB,digit_accuracy,3,0.7329093800,0.0660240163,582.5551816856,9.0000000000,0.1642453688,135.0000000000,0.0000000000,0.0000242000
digit_rbs,9,Paper-Wireless-PER,digit_accuracy,3,0.7180710122,0.0245037160,476.5181814098,9.0000000000,0.0126371042,1350.0000000000,0.0000000000,0.0000146000
digit_rbs,9,Soft-Entropy-KKT(tau=1),digit_accuracy,3,0.8298887122,0.0318758946,481.5700844749,9.0000000000,0.0207848467,576135.0000000000,0.9999998359,0.0007074333
digit_rbs,12,Continuous-LP(HiGHS),digit_accuracy,3,0.8023317435,0.0076060944,245.7574193896,12.0000000000,0.0140007034,32580.0000000000,0.0000000000,0.0019104667
digit_rbs,12,Hybrid-Score-Greedy(alpha=0.25),digit_accuracy,3,0.8797032326,0.0119912120,253.1554798087,12.0000000000,0.0205166037,23128.5335573393,0.0000000000,0.0011624334
digit_rbs,12,LP-Relax+Projection,digit_accuracy,3,0.8023317435,0.0076060944,245.7574193896,12.0000000000,0.0140007034,2340.0000000000,0.0000000000,0.0024172667
digit_rbs,12,Paper-Hungarian,digit_accuracy,3,0.8023317435,0.0076060944,245.7574193896,12.0000000000,0.0140007034,2340.0000000000,0.0000000000,0.0000440000
digit_rbs,12,Paper-OptUser-RandomRB,digit_accuracy,3,0.6793852676,0.0251149880,572.8810478597,8.3333333333,0.0832967243,180.0000000000,0.0000000000,0.0000537334
digit_rbs,12,Paper-RandomUserRB,digit_accuracy,3,0.8267090620,0.0395224257,352.9998064156,11.6666666667,0.1035079510,180.0000000000,0.0000000000,0.0000270667
digit_rbs,12,Paper-Wireless-PER,digit_accuracy,3,0.8304186539,0.0255143680,246.0373871542,12.0000000000,0.0132487991,2340.0000000000,0.0000000000,0.0000198334
digit_rbs,12,Soft-Entropy-KKT(tau=1),digit_accuracy,3,0.8500264971,0.0232692087,252.8691087097,12.0000000000,0.0208782122,729180.0000000000,0.9999998320,0.0015088667
digit_users,3,Continuous-LP(HiGHS),digit_accuracy,3,0.9130895602,0.0014989015,14.3535158405,3.0000000000,0.0122890996,1332.0000000000,0.0000000000,0.0012969999
digit_users,3,Hybrid-Score-Greedy(alpha=0.25),digit_accuracy,3,0.9130895602,0.0014989015,14.3535158405,3.0000000000,0.0122890996,4542.1173000519,0.0000000000,0.0010395333
digit_users,3,LP-Relax+Projection,digit_accuracy,3,0.9130895602,0.0014989015,14.3535158405,3.0000000000,0.0122890996,144.0000000000,0.0000000000,0.0016442667
digit_users,3,Paper-Hungarian,digit_accuracy,3,0.9130895602,0.0014989015,14.3535158405,3.0000000000,0.0122890996,144.0000000000,0.0000000000,0.0000242333
digit_users,3,Paper-OptUser-RandomRB,digit_accuracy,3,0.8510863805,0.0880628548,236.5342771491,3.0000000000,0.2025022641,36.0000000000,0.0000000000,0.0000325999
digit_users,3,Paper-RandomUserRB,digit_accuracy,3,0.8579756227,0.0685081616,203.7952975203,2.6666666667,0.0683348281,36.0000000000,0.0000000000,0.0000212000
digit_users,3,Paper-Wireless-PER,digit_accuracy,3,0.9130895602,0.0014989015,14.3535158405,3.0000000000,0.0122890996,144.0000000000,0.0000000000,0.0000089333
digit_users,3,Soft-Entropy-KKT(tau=1),digit_accuracy,3,0.9130895602,0.0014989015,15.8045332249,2.9997344955,0.0134448302,225036.0000000000,0.9999998061,0.0017677667
digit_users,6,Continuous-LP(HiGHS),digit_accuracy,3,0.8956014838,0.0164367381,11.8503854688,6.0000000000,0.0101508630,5256.0000000000,0.0000000000,0.0018859000
digit_users,6,Hybrid-Score-Greedy(alpha=0.25),digit_accuracy,3,0.8956014838,0.0164367381,12.4858892542,6.0000000000,0.0106945320,9156.2346001038,0.0000000000,0.0010600333
digit_users,6,LP-Relax+Projection,digit_accuracy,3,0.8956014838,0.0164367381,11.8503854688,6.0000000000,0.0101508630,504.0000000000,0.0000000000,0.0020384334
digit_users,6,Paper-Hungarian,digit_accuracy,3,0.8956014838,0.0164367381,11.8503854688,6.0000000000,0.0101508630,504.0000000000,0.0000000000,0.0000362000
digit_users,6,Paper-OptUser-RandomRB,digit_accuracy,3,0.8367779544,0.0162304111,299.0063240001,4.6666666667,0.0442472579,72.0000000000,0.0000000000,0.0000360333
digit_users,6,Paper-RandomUserRB,digit_accuracy,3,0.8547959724,0.0461749251,288.2963830791,5.6666666667,0.2051881608,72.0000000000,0.0000000000,0.0000208333
digit_users,6,Paper-Wireless-PER,digit_accuracy,3,0.8956014838,0.0164367381,11.8503854688,6.0000000000,0.0101508630,504.0000000000,0.0000000000,0.0000096332
digit_users,6,Soft-Entropy-KKT(tau=1),digit_accuracy,3,0.8956014838,0.0164367381,14.7459060384,5.9999999999,0.0126307229,324072.0000000000,0.9999998899,0.0003791000
digit_users,9,Continuous-LP(HiGHS),digit_accuracy,3,0.9009009009,0.0037472537,14.7724674477,9.0000000000,0.0126496242,11772.0000000000,0.0000000000,0.0020494999
digit_users,9,Hybrid-Score-Greedy(alpha=0.25),digit_accuracy,3,0.9009009009,0.0045587310,20.5333841868,9.0000000000,0.0175734406,13797.5278502337,0.0000000000,0.0013005666
digit_users,9,LP-Relax+Projection,digit_accuracy,3,0.9009009009,0.0037472537,14.7724674477,9.0000000000,0.0126496242,1080.0000000000,0.0000000000,0.0019427665
digit_users,9,Paper-Hungarian,digit_accuracy,3,0.9009009009,0.0037472537,14.7724674477,9.0000000000,0.0126496242,1080.0000000000,0.0000000000,0.0000364334
digit_users,9,Paper-OptUser-RandomRB,digit_accuracy,3,0.7885532592,0.0747161427,413.1299233591,6.3333333333,0.0785096464,108.0000000000,0.0000000000,0.0000367667
digit_users,9,Paper-RandomUserRB,digit_accuracy,3,0.8865924748,0.0244348530,132.2237067628,9.0000000000,0.1132164667,108.0000000000,0.0000000000,0.0000211333
digit_users,9,Paper-Wireless-PER,digit_accuracy,3,0.9009009009,0.0037472537,14.7724674477,9.0000000000,0.0126496242,1080.0000000000,0.0000000000,0.0000118000
digit_users,9,Soft-Entropy-KKT(tau=1),digit_accuracy,3,0.8998410175,0.0044967045,19.5029827502,9.0000000000,0.0167019672,441108.0000000000,0.9999998254,0.0005003667
digit_users,12,Continuous-LP(HiGHS),digit_accuracy,3,0.8998410175,0.0038942603,28.6237671667,12.0000000000,0.0244926706,20880.0000000000,0.0000000000,0.0022311667
digit_users,12,Hybrid-Score-Greedy(alpha=0.25),digit_accuracy,3,0.8971913090,0.0071493045,34.3625918512,12.0000000000,0.0294344617,18456.4692002077,0.0000000000,0.0013421332
digit_users,12,LP-Relax+Projection,digit_accuracy,3,0.8998410175,0.0038942603,28.6237671667,12.0000000000,0.0244926706,1872.0000000000,0.0000000000,0.0033713667
digit_users,12,Paper-Hungarian,digit_accuracy,3,0.8998410175,0.0038942603,28.6237671667,12.0000000000,0.0244926706,1872.0000000000,0.0000000000,0.0000494667
digit_users,12,Paper-OptUser-RandomRB,digit_accuracy,3,0.7005829359,0.1661060836,529.9433934919,7.0000000000,0.0706828104,144.0000000000,0.0000000000,0.0000506667
digit_users,12,Paper-RandomUserRB,digit_accuracy,3,0.8802331744,0.0032667801,162.6033163858,12.0000000000,0.1392946760,144.0000000000,0.0000000000,0.0000264334
digit_users,12,Paper-Wireless-PER,digit_accuracy,3,0.8998410175,0.0038942603,28.6237671667,12.0000000000,0.0244926706,1872.0000000000,0.0000000000,0.0000180000
digit_users,12,Soft-Entropy-KKT(tau=1),digit_accuracy,3,0.9003709592,0.0039657206,34.3832003194,11.9938159336,0.0289262390,576144.0000000000,0.9999998245,0.0050251666
digit_users,15,Continuous-LP(HiGHS),digit_accuracy,3,0.8553259141,0.0287050399,248.2808398059,12.0000000000,0.0159965443,32580.0000000000,0.0000000000,0.0028595667
digit_users,15,Hybrid-Score-Greedy(alpha=0.25),digit_accuracy,3,0.8298887122,0.0500731820,256.9483317521,12.0000000000,0.0253510256,23128.5335573393,0.0000000000,0.0011554665
digit_users,15,LP-Relax+Projection,digit_accuracy,3,0.8553259141,0.0287050399,248.2808398059,12.0000000000,0.0159965443,2340.0000000000,0.0000000000,0.0024481666
digit_users,15,Paper-Hungarian,digit_accuracy,3,0.8553259141,0.0287050399,248.2808398059,12.0000000000,0.0159965443,2340.0000000000,0.0000000000,0.0000424334
digit_users,15,Paper-OptUser-RandomRB,digit_accuracy,3,0.7424483307,0.0549506365,547.1594637322,9.0000000000,0.1110782349,180.0000000000,0.0000000000,0.0001401666
digit_users,15,Paper-RandomUserRB,digit_accuracy,3,0.8198198198,0.0253819396,373.1524999930,12.0000000000,0.1492495143,180.0000000000,0.0000000000,0.0000278000
digit_users,15,Paper-Wireless-PER,digit_accuracy,3,0.8749337573,0.0194424339,248.5589011248,12.0000000000,0.0159344822,2340.0000000000,0.0000000000,0.0000191000
digit_users,15,Soft-Entropy-KKT(tau=1),digit_accuracy,3,0.9093799682,0.0034344148,255.9496310410,12.0000000000,0.0238454399,729180.0000000000,0.9999998781,0.0012978666
digit_users,18,Continuous-LP(HiGHS),digit_accuracy,3,0.8198198198,0.0064033100,397.4069130008,12.0000000000,0.0120601449,46872.0000000000,0.0000000000,0.0021059000
digit_users,18,Hybrid-Score-Greedy(alpha=0.25),digit_accuracy,3,0.8060413354,0.0273523856,404.3434069121,12.0000000000,0.0205436399,27811.0557004673,0.0000000000,0.0013632667
digit_users,18,LP-Relax+Projection,digit_accuracy,3,0.8198198198,0.0064033100,397.4069130008,12.0000000000,0.0120601449,2808.0000000000,0.0000000000,0.0026064334
digit_users,18,Paper-Hungarian,digit_accuracy,3,0.8198198198,0.0064033100,397.4069130008,12.0000000000,0.0120601449,2808.0000000000,0.0000000000,0.0000447999
digit_users,18,Paper-OptUser-RandomRB,digit_accuracy,3,0.7790143084,0.0137376592,634.3267181897,9.0000000000,0.0883994963,216.0000000000,0.0000000000,0.0000515667
digit_users,18,Paper-RandomUserRB,digit_accuracy,3,0.7996820350,0.0468031843,494.4686628325,11.6666666667,0.1102314095,216.0000000000,0.0000000000,0.0000226998
digit_users,18,Paper-Wireless-PER,digit_accuracy,3,0.8362480127,0.0193845693,397.5126586288,12.0000000000,0.0113556216,2808.0000000000,0.0000000000,0.0000238000
digit_users,18,Soft-Entropy-KKT(tau=1),digit_accuracy,3,0.8510863805,0.0395082116,405.1431915730,12.0000000000,0.0211389622,900216.0000000000,0.9999997899,0.0006771000
linear_samples,10,Continuous-LP(HiGHS),linear_regression_mse,3,0.0055367575,0.0032741969,31.6969671097,12.0000000000,0.0141413926,32580.0000000000,0.0000000000,0.0024981000
linear_samples,10,Hybrid-Score-Greedy(alpha=0.25),linear_regression_mse,3,0.0044680396,0.0018458902,32.7494005218,12.0000000000,0.0229116710,23128.5335573393,0.0000000000,0.0013145667
linear_samples,10,LP-Relax+Projection,linear_regression_mse,3,0.0055367575,0.0032741969,31.6969671097,12.0000000000,0.0141413926,2340.0000000000,0.0000000000,0.0029453667
linear_samples,10,Paper-Hungarian,linear_regression_mse,3,0.0055367575,0.0032741969,31.6969671097,12.0000000000,0.0141413926,2340.0000000000,0.0000000000,0.0001452000
linear_samples,10,Paper-OptUser-RandomRB,linear_regression_mse,3,0.0144524555,0.0125473374,77.9423280054,7.6666666667,0.0650840995,180.0000000000,0.0000000000,0.0000629333
linear_samples,10,Paper-RandomUserRB,linear_regression_mse,3,0.0035700148,0.0004973684,51.1437505377,11.6666666667,0.1498848133,180.0000000000,0.0000000000,0.0000324000
linear_samples,10,Paper-Wireless-PER,linear_regression_mse,3,0.0055367575,0.0032741969,31.6969671097,12.0000000000,0.0141413926,2340.0000000000,0.0000000000,0.0000205666
linear_samples,10,Soft-Entropy-KKT(tau=1),linear_regression_mse,3,0.0033349636,0.0013977573,36.1002030006,11.9948090004,0.0504251733,729180.0000000000,1.0000000000,0.0008130334
linear_samples,20,Continuous-LP(HiGHS),linear_regression_mse,3,0.0018277829,0.0012937442,64.2657453066,12.0000000000,0.0177739388,32580.0000000000,0.0000000000,0.0021182667
linear_samples,20,Hybrid-Score-Greedy(alpha=0.25),linear_regression_mse,3,0.0007011512,0.0004575372,65.8112837010,12.0000000000,0.0242136821,23128.5335573393,0.0000000000,0.0014341667
linear_samples,20,LP-Relax+Projection,linear_regression_mse,3,0.0018277829,0.0012937442,64.2657453066,12.0000000000,0.0177739388,2340.0000000000,0.0000000000,0.0025583000
linear_samples,20,Paper-Hungarian,linear_regression_mse,3,0.0018277829,0.0012937442,64.2657453066,12.0000000000,0.0177739388,2340.0000000000,0.0000000000,0.0000524333
linear_samples,20,Paper-OptUser-RandomRB,linear_regression_mse,3,0.0039219009,0.0025459491,146.6251792138,8.6666666667,0.1124269297,180.0000000000,0.0000000000,0.0000492334
linear_samples,20,Paper-RandomUserRB,linear_regression_mse,3,0.0029202805,0.0021259938,101.9088453449,11.6666666667,0.1526613290,180.0000000000,0.0000000000,0.0000242667
linear_samples,20,Paper-Wireless-PER,linear_regression_mse,3,0.0018277829,0.0012937442,64.2657453066,12.0000000000,0.0177739388,2340.0000000000,0.0000000000,0.0000170999
linear_samples,20,Soft-Entropy-KKT(tau=1),linear_regression_mse,3,0.0020319613,0.0014153955,69.9476005394,11.9999994346,0.0414482904,729180.0000000000,0.9999999264,0.0006519000
linear_samples,30,Continuous-LP(HiGHS),linear_regression_mse,3,0.0002573829,0.0001089922,95.3743609348,12.0000000000,0.0149287804,32580.0000000000,0.0000000000,0.0021669667
linear_samples,30,Hybrid-Score-Greedy(alpha=0.25),linear_regression_mse,3,0.0003786702,0.0002670225,97.5148999997,12.0000000000,0.0208747222,23128.5335573393,0.0000000000,0.0011895001
linear_samples,30,LP-Relax+Projection,linear_regression_mse,3,0.0002573829,0.0001089922,95.3743609348,12.0000000000,0.0149287804,2340.0000000000,0.0000000000,0.0021392000
linear_samples,30,Paper-Hungarian,linear_regression_mse,3,0.0002573829,0.0001089922,95.3743609348,12.0000000000,0.0149287804,2340.0000000000,0.0000000000,0.0000393333
linear_samples,30,Paper-OptUser-RandomRB,linear_regression_mse,3,0.0017741253,0.0011114633,198.8268154048,9.3333333333,0.1014578485,180.0000000000,0.0000000000,0.0000453667
linear_samples,30,Paper-RandomUserRB,linear_regression_mse,3,0.0007673443,0.0003821921,160.1604885423,11.6666666667,0.1734999230,180.0000000000,0.0000000000,0.0000235000
linear_samples,30,Paper-Wireless-PER,linear_regression_mse,3,0.0002573829,0.0001089922,95.3743609348,12.0000000000,0.0149287804,2340.0000000000,0.0000000000,0.0000173001
linear_samples,30,Soft-Entropy-KKT(tau=1),linear_regression_mse,3,0.0003323291,0.0003156286,101.5534066702,12.0000000000,0.0320927963,729180.0000000000,0.9999998807,0.0007308667
linear_samples,40,Continuous-LP(HiGHS),linear_regression_mse,3,0.0010300969,0.0005566546,126.5326595386,12.0000000000,0.0136097074,32580.0000000000,0.0000000000,0.0022724667
linear_samples,40,Hybrid-Score-Greedy(alpha=0.25),linear_regression_mse,3,0.0012431978,0.0009394642,129.8652277505,12.0000000000,0.0205525578,23128.5335573393,0.0000000000,0.0016093000
linear_samples,40,LP-Relax+Projection,linear_regression_mse,3,0.0010300969,0.0005566546,126.5326595386,12.0000000000,0.0136097074,2340.0000000000,0.0000000000,0.0025454666
linear_samples,40,Paper-Hungarian,linear_regression_mse,3,0.0010300969,0.0005566546,126.5326595386,12.0000000000,0.0136097074,2340.0000000000,0.0000000000,0.0000380665
linear_samples,40,Paper-OptUser-RandomRB,linear_regression_mse,3,0.0008689485,0.0006385579,296.9382815155,8.3333333333,0.0838182319,180.0000000000,0.0000000000,0.0000495000
linear_samples,40,Paper-RandomUserRB,linear_regression_mse,3,0.0009862463,0.0008216706,187.7012780106,12.0000000000,0.1410443292,180.0000000000,0.0000000000,0.0000241999
linear_samples,40,Paper-Wireless-PER,linear_regression_mse,3,0.0010300969,0.0005566546,126.5326595386,12.0000000000,0.0136097074,2340.0000000000,0.0000000000,0.0000179333
linear_samples,40,Soft-Entropy-KKT(tau=1),linear_regression_mse,3,0.0006487252,0.0001665259,133.4879290699,12.0000000000,0.0280998522,729180.0000000000,0.9999998640,0.0009279334
linear_samples,50,Continuous-LP(HiGHS),linear_regression_mse,3,0.0009475791,0.0010592529,159.3561647333,12.0000000000,0.0155936079,32580.0000000000,0.0000000000,0.0021673000
linear_samples,50,Hybrid-Score-Greedy(alpha=0.25),linear_regression_mse,3,0.0009124223,0.0008756945,162.9376122556,12.0000000000,0.0215626871,23128.5335573393,0.0000000000,0.0017398667
linear_samples,50,LP-Relax+Projection,linear_regression_mse,3,0.0009475791,0.0010592529,159.3561647333,12.0000000000,0.0155936079,2340.0000000000,0.0000000000,0.0025264999
linear_samples,50,Paper-Hungarian,linear_regression_mse,3,0.0009475791,0.0010592529,159.3561647333,12.0000000000,0.0155936079,2340.0000000000,0.0000000000,0.0000422333
linear_samples,50,Paper-OptUser-RandomRB,linear_regression_mse,3,0.0006388108,0.0001777254,425.5067021782,7.0000000000,0.0695253706,180.0000000000,0.0000000000,0.0000630001
linear_samples,50,Paper-RandomUserRB,linear_regression_mse,3,0.0006997949,0.0005787575,277.7257376778,11.3333333333,0.1665440528,180.0000000000,0.0000000000,0.0000311333
linear_samples,50,Paper-Wireless-PER,linear_regression_mse,3,0.0009475791,0.0010592529,159.3561647333,12.0000000000,0.0155936079,2340.0000000000,0.0000000000,0.0000224000
linear_samples,50,Soft-Entropy-KKT(tau=1),linear_regression_mse,3,0.0008029901,0.0008124972,166.0151664464,12.0000000000,0.0266919441,729180.0000000000,0.9999998608,0.0016740000
matching_users,3,Continuous-LP(HiGHS),matching_iterations,3,86.3422478421,0.0000000000,2.1552723455,3.0000000000,0.0113286476,1332.0000000000,0.0000000000,0.0019418667
matching_users,3,Hybrid-Score-Greedy(alpha=0.25),matching_iterations,3,101.0564242246,0.0000000000,2.1552723455,3.0000000000,0.0113286476,4542.1173000519,0.0000000000,0.0014001333
matching_users,3,LP-Relax+Projection,matching_iterations,3,59.7208049090,0.0000000000,2.1552723455,3.0000000000,0.0113286476,144.0000000000,0.0000000000,0.0021054000
matching_users,3,Paper-Hungarian,matching_iterations,3,59.7208049090,0.0000000000,2.1552723455,3.0000000000,0.0113286476,144.0000000000,0.0000000000,0.0000371667
matching_users,3,Paper-OptUser-RandomRB,matching_iterations,3,43.3310149517,0.0000000000,53.4887381136,3.0000000000,0.1538103213,36.0000000000,0.0000000000,0.0000494666
matching_users,3,Paper-RandomUserRB,matching_iterations,3,43.3310149517,0.0000000000,20.3091607650,3.0000000000,0.0844097178,36.0000000000,0.0000000000,0.0000229999
matching_users,3,Paper-Wireless-PER,matching_iterations,3,59.7208049090,0.0000000000,2.1552723455,3.0000000000,0.0113286476,144.0000000000,0.0000000000,0.0000127001
matching_users,3,Soft-Entropy-KKT(tau=1),matching_iterations,3,147.8882413453,0.0000000000,4.0241970191,2.9999999995,0.0216793956,225036.0000000000,0.9999997418,0.0002528334
matching_users,5,Continuous-LP(HiGHS),matching_iterations,3,98.4658993574,0.0000000000,8.8364007667,5.0000000000,0.0204392563,3660.0000000000,0.0000000000,0.0024120333
matching_users,5,Hybrid-Score-Greedy(alpha=0.25),matching_iterations,3,107.2551546737,0.0000000000,9.0990628322,5.0000000000,0.0215596519,7614.4134357365,0.0000000000,0.0015870999
matching_users,5,LP-Relax+Projection,matching_iterations,3,70.6665355000,0.0000000000,8.8364007667,5.0000000000,0.0204392563,360.0000000000,0.0000000000,0.0024159000
matching_users,5,Paper-Hungarian,matching_iterations,3,70.6665355000,0.0000000000,8.8364007667,5.0000000000,0.0204392563,360.0000000000,0.0000000000,0.0000318667
matching_users,5,Paper-OptUser-RandomRB,matching_iterations,3,49.3304863701,0.0000000000,120.9149932219,3.3333333333,0.0735368678,60.0000000000,0.0000000000,0.0000544334
matching_users,5,Paper-RandomUserRB,matching_iterations,3,49.3304863701,0.0000000000,24.6177257409,5.0000000000,0.0639359474,60.0000000000,0.0000000000,0.0000326665
matching_users,5,Paper-Wireless-PER,matching_iterations,3,70.6665355000,0.0000000000,9.2184710855,5.0000000000,0.0201664982,360.0000000000,0.0000000000,0.0000142000
matching_users,5,Soft-Entropy-KKT(tau=1),matching_iterations,3,150.8927162098,0.0000000000,11.8660351160,5.0000000000,0.0280814792,289060.0000000000,0.9999997608,0.0004238999
matching_users,10,Continuous-LP(HiGHS),matching_iterations,3,115.0002138784,0.0000000000,23.0006205770,10.0000000000,0.0202356571,14520.0000000000,0.0000000000,0.0021737333
matching_users,10,Hybrid-Score-Greedy(alpha=0.25),matching_iterations,3,115.6663136906,0.0000000000,23.3775609351,10.0000000000,0.0210425420,15348.8268714730,0.0000000000,0.0013967666
matching_users,10,LP-Relax+Projection,matching_iterations,3,86.2337316543,0.0000000000,23.0006205770,10.0000000000,0.0202356571,1320.0000000000,0.0000000000,0.0028933001
matching_users,10,Paper-Hungarian,matching_iterations,3,86.2337316543,0.0000000000,23.0006205770,10.0000000000,0.0202356571,1320.0000000000,0.0000000000,0.0000402666
matching_users,10,Paper-OptUser-RandomRB,matching_iterations,3,57.5494865472,0.0000000000,519.0495824339,6.6666666667,0.1012490396,120.0000000000,0.0000000000,0.0000560001
matching_users,10,Paper-RandomUserRB,matching_iterations,3,57.5494865472,0.0000000000,150.8728566855,10.0000000000,0.1061878656,120.0000000000,0.0000000000,0.0000304666
matching_users,10,Paper-Wireless-PER,matching_iterations,3,86.2337316543,0.0000000000,23.3356776521,10.0000000000,0.0191001610,1320.0000000000,0.0000000000,0.0000166666
matching_users,10,Soft-Entropy-KKT(tau=1),matching_iterations,3,157.0810818534,0.0000000000,27.7081985065,9.9999999985,0.0252460340,484120.0000000000,0.9999999292,0.0012337333
matching_users,15,Continuous-LP(HiGHS),matching_iterations,3,124.6978149043,0.0000000000,130.9284831714,12.0000000000,0.0253400010,32580.0000000000,0.0000000000,0.0025434667
matching_users,15,Hybrid-Score-Greedy(alpha=0.25),matching_iterations,3,120.5863870667,0.0000000000,139.8240970893,12.0000000000,0.0260069717,23128.5335573393,0.0000000000,0.0014241334
matching_users,15,LP-Relax+Projection,matching_iterations,3,93.1000016099,0.0000000000,130.9284831714,12.0000000000,0.0253400010,2340.0000000000,0.0000000000,0.0028417667
matching_users,15,Paper-Hungarian,matching_iterations,3,93.1000016099,0.0000000000,130.9284831714,12.0000000000,0.0253400010,2340.0000000000,0.0000000000,0.0000575333
matching_users,15,Paper-OptUser-RandomRB,matching_iterations,3,62.3819643752,0.0000000000,756.7495704431,8.6666666667,0.0547106009,180.0000000000,0.0000000000,0.0000777001
matching_users,15,Paper-RandomUserRB,matching_iterations,3,62.3819643752,0.0000000000,520.5424243971,11.6666666667,0.1826656299,180.0000000000,0.0000000000,0.0000650666
matching_users,15,Paper-Wireless-PER,matching_iterations,3,93.1000016099,0.0000000000,332.2193457448,12.0000000000,0.0154992410,2340.0000000000,0.0000000000,0.0000332666
matching_users,15,Soft-Entropy-KKT(tau=1),matching_iterations,3,161.9961271859,0.0000000000,136.3338867897,12.0000000000,0.0274706710,729180.0000000000,0.9999996900,0.0065925666
matching_users,20,Continuous-LP(HiGHS),matching_iterations,3,131.5854377491,0.0000000000,478.7311940336,12.0000000000,0.0222785229,57840.0000000000,0.0000000000,0.0028383000
matching_users,20,Hybrid-Score-Greedy(alpha=0.25),matching_iterations,3,124.0771393358,0.0000000000,497.6324894482,12.0000000000,0.0308004657,30937.6537429460,0.0000000000,0.0011979000
matching_users,20,LP-Relax+Projection,matching_iterations,3,96.5509049072,0.0000000000,478.7311940336,12.0000000000,0.0222785229,3120.0000000000,0.0000000000,0.0026710333
matching_users,20,Paper-Hungarian,matching_iterations,3,96.5509049072,0.0000000000,478.7311940336,12.0000000000,0.0222785229,3120.0000000000,0.0000000000,0.0000467333
matching_users,20,Paper-OptUser-RandomRB,matching_iterations,3,65.8175632019,0.0000000000,1110.4003685093,9.3333333333,0.0522611642,240.0000000000,0.0000000000,0.0000638000
matching_users,20,Paper-RandomUserRB,matching_iterations,3,65.8175632019,0.0000000000,940.5262926787,11.6666666667,0.1258294527,240.0000000000,0.0000000000,0.0000278001
matching_users,20,Paper-Wireless-PER,matching_iterations,3,96.5509049072,0.0000000000,885.2212587179,12.0000000000,0.0114125743,3120.0000000000,0.0000000000,0.0000399667
matching_users,20,Soft-Entropy-KKT(tau=1),matching_iterations,3,166.0735489014,0.0000000000,483.9581406036,12.0000000000,0.0253953244,1024240.0000000000,0.9999997158,0.0052465000
matching_users,25,Continuous-LP(HiGHS),matching_iterations,3,136.9308457625,0.0000000000,934.4987625582,12.0000000000,0.0166420501,90300.0000000000,0.0000000000,0.0027060001
matching_users,25,Hybrid-Score-Greedy(alpha=0.25),matching_iterations,3,126.7847146766,0.0000000000,942.5525730373,12.0000000000,0.0211396886,38768.6456071488,0.0000000000,0.0016004333
matching_users,25,LP-Relax+Projection,matching_iterations,3,99.2278585141,0.0000000000,934.4987625582,12.0000000000,0.0166420501,3900.0000000000,0.0000000000,0.0031597666
matching_users,25,Paper-Hungarian,matching_iterations,3,99.2278585141,0.0000000000,934.4987625582,12.0000000000,0.0166420501,3900.0000000000,0.0000000000,0.0000460333
matching_users,25,Paper-OptUser-RandomRB,matching_iterations,3,68.4853231770,0.0000000000,1858.8011034061,9.6666666667,0.0593634534,300.0000000000,0.0000000000,0.0001468666
matching_users,25,Paper-RandomUserRB,matching_iterations,3,68.4853231770,0.0000000000,1821.0090201682,11.6666666667,0.2057208769,300.0000000000,0.0000000000,0.0000331333
matching_users,25,Paper-Wireless-PER,matching_iterations,3,99.2278585141,0.0000000000,1436.3228687237,12.0000000000,0.0100704594,3900.0000000000,0.0000000000,0.0000214333
matching_users,25,Soft-Entropy-KKT(tau=1),matching_iterations,3,169.5577313834,0.0000000000,938.8419755480,12.0000000000,0.0188261586,1369300.0000000000,0.9999997742,0.0047397668
