scenario,x_value,seed,users,rbs,method,objective,objective_gap_pct,selected_users,expected_successful_samples,mean_packet_error,convergence_gap,fl_quality,runtime_seconds
users,10,11010,10,12,Hungarian,18.2890329423,0.0000000000,10,1314.7109670577,0.0124853216,18.2890329423,0.9862797952,0.0000746001
users,10,11010,10,12,Greedy-Cost,21.6017308764,18.1130295112,10,1311.3982691236,0.0147309446,21.6017308764,0.9837946505,0.0001218000
users,10,11010,10,12,LP-Relax+Projection,18.2890329423,0.0000000000,10,1314.7109670577,0.0124853216,18.2890329423,0.9862797952,0.0153531000
users,10,11010,10,12,Entropy-Relax(tau=0.1)+Greedy,20.3353833331,11.1889480288,10,1312.6646166669,0.0139633095,20.3353833331,0.9847446487,0.0065046999
users,10,11010,10,12,Entropy-Relax(tau=0.1)+Projection,18.2890329423,0.0000000000,10,1314.7109670577,0.0124853216,18.2890329423,0.9862797952,0.0072413000
users,10,11010,10,12,Entropy-Relax(tau=0.3)+Greedy,23.9999154725,31.2257217115,10,1309.0000845275,0.0157928695,23.9999154725,0.9819955623,0.0057865001
users,10,11010,10,12,Entropy-Relax(tau=0.3)+Projection,18.2890329423,0.0000000000,10,1314.7109670577,0.0124853216,18.2890329423,0.9862797952,0.0027341000
users,10,11010,10,12,Entropy-Relax(tau=0.8)+Greedy,23.9999154725,31.2257217115,10,1309.0000845275,0.0157928695,23.9999154725,0.9819955623,0.0025552000
users,10,11010,10,12,Entropy-Relax(tau=0.8)+Projection,18.2890329423,0.0000000000,10,1314.7109670577,0.0124853216,18.2890329423,0.9862797952,0.0024412000
users,10,11010,10,12,Hybrid-Score-Greedy(alpha=0.25),21.6017308764,18.1130295112,10,1311.3982691236,0.0147309446,21.6017308764,0.9837946505,0.0012828001
users,10,11011,10,12,Hungarian,13.0455433253,0.0000000000,10,1049.9544566747,0.0157379556,13.0455433253,0.9877276168,0.0001011000
users,10,11011,10,12,Greedy-Cost,15.8126642678,21.2112356952,10,1047.1873357322,0.0266444840,15.8126642678,0.9851244927,0.0001286999
users,10,11011,10,12,LP-Relax+Projection,13.0455433253,0.0000000000,10,1049.9544566747,0.0157379556,13.0455433253,0.9877276168,0.0023962000
users,10,11011,10,12,Entropy-Relax(tau=0.1)+Greedy,18.6794286011,43.1862831255,10,1044.3205713989,0.0279412448,18.6794286011,0.9824276307,0.0029455000
users,10,11011,10,12,Entropy-Relax(tau=0.1)+Projection,15.9069598437,21.9340540061,10,1047.0930401563,0.0173588209,15.9069598437,0.9850357857,0.0047270000
users,10,11011,10,12,Entropy-Relax(tau=0.3)+Greedy,15.1934414146,16.4646119801,10,1047.8065585854,0.0165487947,15.1934414146,0.9857070165,0.0033915000
users,10,11011,10,12,Entropy-Relax(tau=0.3)+Projection,13.0455433253,0.0000000000,10,1049.9544566747,0.0157379556,13.0455433253,0.9877276168,0.0028088000
users,10,11011,10,12,Entropy-Relax(tau=0.8)+Greedy,15.1934414146,16.4646119801,10,1047.8065585854,0.0165487947,15.1934414146,0.9857070165,0.0029942000
users,10,11011,10,12,Entropy-Relax(tau=0.8)+Projection,13.0455433253,0.0000000000,10,1049.9544566747,0.0157379556,13.0455433253,0.9877276168,0.0040264000
users,10,11011,10,12,Hybrid-Score-Greedy(alpha=0.25),15.8126642678,21.2112356952,10,1047.1873357322,0.0266444840,15.8126642678,0.9851244927,0.0017471999
users,10,11012,10,12,Hungarian,14.6152165042,0.0000000000,10,1129.3847834958,0.0133622604,14.6152165042,0.9872244611,0.0000531999
users,10,11012,10,12,Greedy-Cost,23.8374583178,63.1002750517,10,1120.1625416822,0.0250845373,23.8374583178,0.9791630609,0.0000724000
users,10,11012,10,12,LP-Relax+Projection,14.6152165042,0.0000000000,10,1129.3847834958,0.0133622604,14.6152165042,0.9872244611,0.0084483000
users,10,11012,10,12,Entropy-Relax(tau=0.1)+Greedy,15.4548237844,5.7447474684,10,1128.5451762156,0.0143876460,15.4548237844,0.9864905387,0.0125381000
users,10,11012,10,12,Entropy-Relax(tau=0.1)+Projection,15.4548237844,5.7447474684,10,1128.5451762156,0.0143876460,15.4548237844,0.9864905387,0.0142480000
users,10,11012,10,12,Entropy-Relax(tau=0.3)+Greedy,15.4548237844,5.7447474684,10,1128.5451762156,0.0143876460,15.4548237844,0.9864905387,0.0183733000
users,10,11012,10,12,Entropy-Relax(tau=0.3)+Projection,15.4548237844,5.7447474684,10,1128.5451762156,0.0143876460,15.4548237844,0.9864905387,0.0160090000
users,10,11012,10,12,Entropy-Relax(tau=0.8)+Greedy,14.7813809230,1.1369275213,10,1129.2186190770,0.0136245058,14.7813809230,0.9870792125,0.0074634000
users,10,11012,10,12,Entropy-Relax(tau=0.8)+Projection,14.6152165042,0.0000000000,10,1129.3847834958,0.0133622604,14.6152165042,0.9872244611,0.0203735000
users,10,11012,10,12,Hybrid-Score-Greedy(alpha=0.25),20.3946129532,39.5436937061,10,1123.6053870468,0.0240100975,20.3946129532,0.9821725411,0.0145870000
users,10,11013,10,12,Hungarian,17.0736649017,0.0000000000,10,760.9263350983,0.0257899753,17.0736649017,0.9780544153,0.0000518999
users,10,11013,10,12,Greedy-Cost,20.7725998500,21.6645633470,10,757.2274001500,0.0324617356,20.7725998500,0.9733000002,0.0000598000
users,10,11013,10,12,LP-Relax+Projection,17.0736649017,0.0000000000,10,760.9263350983,0.0257899753,17.0736649017,0.9780544153,0.0024582000
users,10,11013,10,12,Entropy-Relax(tau=0.1)+Greedy,18.8066717118,10.1501746701,10,759.1933282882,0.0279555317,18.8066717118,0.9758269001,0.0043197999
users,10,11013,10,12,Entropy-Relax(tau=0.1)+Projection,20.2413606309,18.5531094084,10,757.7586393691,0.0290991716,20.2413606309,0.9739828270,0.0026308000
users,10,11013,10,12,Entropy-Relax(tau=0.3)+Greedy,18.8066717118,10.1501746701,10,759.1933282882,0.0279555317,18.8066717118,0.9758269001,0.0042406000
users,10,11013,10,12,Entropy-Relax(tau=0.3)+Projection,17.0922381148,0.1087828139,10,760.9077618852,0.0263617989,17.0922381148,0.9780305423,0.0080528001
users,10,11013,10,12,Entropy-Relax(tau=0.8)+Greedy,18.8066717118,10.1501746701,10,759.1933282882,0.0279555317,18.8066717118,0.9758269001,0.0074893000
users,10,11013,10,12,Entropy-Relax(tau=0.8)+Projection,17.0922381148,0.1087828139,10,760.9077618852,0.0263617989,17.0922381148,0.9780305423,0.0060905000
users,10,11013,10,12,Hybrid-Score-Greedy(alpha=0.25),20.7725998500,21.6645633470,10,757.2274001500,0.0324617356,20.7725998500,0.9733000002,0.0046156000
users,10,11014,10,12,Hungarian,11.6871214405,0.0000000000,10,994.3128785595,0.0162237556,11.6871214405,0.9883825831,0.0000563001
users,10,11014,10,12,Greedy-Cost,17.8179457626,52.4579500030,10,988.1820542374,0.0270911767,17.8179457626,0.9822883243,0.0000674999
users,10,11014,10,12,LP-Relax+Projection,11.6871214405,0.0000000000,10,994.3128785595,0.0162237556,11.6871214405,0.9883825831,0.0032924999
users,10,11014,10,12,Entropy-Relax(tau=0.1)+Greedy,12.1112545278,3.6290637474,10,993.8887454722,0.0165468354,12.1112545278,0.9879609796,0.0054178000
users,10,11014,10,12,Entropy-Relax(tau=0.1)+Projection,11.6871214405,0.0000000000,10,994.3128785595,0.0162237556,11.6871214405,0.9883825831,0.0077992000
users,10,11014,10,12,Entropy-Relax(tau=0.3)+Greedy,13.9803944165,19.6222225267,10,992.0196055835,0.0165388260,13.9803944165,0.9861029877,0.0057231000
users,10,11014,10,12,Entropy-Relax(tau=0.3)+Projection,11.6871214405,0.0000000000,10,994.3128785595,0.0162237556,11.6871214405,0.9883825831,0.0066518000
users,10,11014,10,12,Entropy-Relax(tau=0.8)+Greedy,13.9803944165,19.6222225267,10,992.0196055835,0.0165388260,13.9803944165,0.9861029877,0.0091316000
users,10,11014,10,12,Entropy-Relax(tau=0.8)+Projection,11.6871214405,0.0000000000,10,994.3128785595,0.0162237556,11.6871214405,0.9883825831,0.0071957001
users,10,11014,10,12,Hybrid-Score-Greedy(alpha=0.25),17.8179457626,52.4579500030,10,988.1820542374,0.0270911767,17.8179457626,0.9822883243,0.0033763000
users,15,11515,15,12,Hungarian,137.3194065996,0.0000000000,12,1619.6805934004,0.0168618249,137.3194065996,0.9218443901,0.0001134000
users,15,11515,15,12,Greedy-Cost,173.2581564181,26.1716466073,12,1583.7418435819,0.0496033234,173.2581564181,0.9013897801,0.0003854000
users,15,11515,15,12,LP-Relax+Projection,137.3194065996,0.0000000000,12,1619.6805934004,0.0168618249,137.3194065996,0.9218443901,0.0057698000
users,15,11515,15,12,Entropy-Relax(tau=0.1)+Greedy,234.8418110773,71.0186614497,12,1522.1581889227,0.0216237358,234.8418110773,0.8663393221,0.0069409000
users,15,11515,15,12,Entropy-Relax(tau=0.1)+Projection,232.0040172538,68.9520971571,12,1524.9959827462,0.0201894330,232.0040172538,0.8679544580,0.0063195000
users,15,11515,15,12,Entropy-Relax(tau=0.3)+Greedy,232.4438471565,69.2723941302,12,1524.5561528435,0.0205814411,232.4438471565,0.8677041280,0.0047147999
users,15,11515,15,12,Entropy-Relax(tau=0.3)+Projection,232.0040172538,68.9520971571,12,1524.9959827462,0.0201894330,232.0040172538,0.8679544580,0.0029579001
users,15,11515,15,12,Entropy-Relax(tau=0.8)+Greedy,232.4438471565,69.2723941302,12,1524.5561528435,0.0205814411,232.4438471565,0.8677041280,0.0037727001
users,15,11515,15,12,Entropy-Relax(tau=0.8)+Projection,232.0040172538,68.9520971571,12,1524.9959827462,0.0201894330,232.0040172538,0.8679544580,0.0026900000
users,15,11515,15,12,Hybrid-Score-Greedy(alpha=0.25),141.2923189841,2.8931907608,12,1615.7076810159,0.0181277615,141.2923189841,0.9195831992,0.0019904000
users,15,11516,15,12,Hungarian,140.7693123741,0.0000000000,12,1396.2306876259,0.0217169105,140.7693123741,0.9084129392,0.0000576000
users,15,11516,15,12,Greedy-Cost,154.4362169835,9.7087244222,12,1382.5637830165,0.0371961913,154.4362169835,0.8995210039,0.0000737000
users,15,11516,15,12,LP-Relax+Projection,140.7693123741,0.0000000000,12,1396.2306876259,0.0217169105,140.7693123741,0.9084129392,0.0036242000
users,15,11516,15,12,Entropy-Relax(tau=0.1)+Greedy,191.5407946972,36.0671523265,12,1345.4592053028,0.0310125242,191.5407946972,0.8753800945,0.0047676001
users,15,11516,15,12,Entropy-Relax(tau=0.1)+Projection,183.2033547804,30.1443842344,12,1353.7966452196,0.0270446401,183.2033547804,0.8808045837,0.0076296000
users,15,11516,15,12,Entropy-Relax(tau=0.3)+Greedy,242.4962996077,72.2650310056,12,1294.5037003923,0.0452334931,242.4962996077,0.8422275214,0.0060910999
users,15,11516,15,12,Entropy-Relax(tau=0.3)+Projection,224.6984120833,59.6217302576,12,1312.3015879167,0.0326925006,224.6984120833,0.8538071489,0.0069619000
users,15,11516,15,12,Entropy-Relax(tau=0.8)+Greedy,250.5358397472,77.9761764278,12,1286.4641602528,0.0475321736,250.5358397472,0.8369968512,0.0126138000
users,15,11516,15,12,Entropy-Relax(tau=0.8)+Projection,224.6984120833,59.6217302576,12,1312.3015879167,0.0326925006,224.6984120833,0.8538071489,0.0079416999
users,15,11516,15,12,Hybrid-Score-Greedy(alpha=0.25),150.3627682765,6.8150193679,12,1386.6372317235,0.0310548198,150.3627682765,0.9021712633,0.0027534000
users,15,11517,15,12,Hungarian,186.5197490757,0.0000000000,12,1385.4802509243,0.0264890839,186.5197490757,0.8813487601,0.0000814000
users,15,11517,15,12,Greedy-Cost,199.4358251099,6.9247766514,12,1372.5641748901,0.0442697413,199.4358251099,0.8731324268,0.0014086000
users,15,11517,15,12,LP-Relax+Projection,186.5197490757,0.0000000000,12,1385.4802509243,0.0264890839,186.5197490757,0.8813487601,0.0048116000
users,15,11517,15,12,Entropy-Relax(tau=0.1)+Greedy,320.5333276753,71.8495383270,12,1251.4666723247,0.0424850971,320.5333276753,0.7960983921,0.0054277000
users,15,11517,15,12,Entropy-Relax(tau=0.1)+Projection,293.9153915999,57.5786977284,12,1278.0846084001,0.0327038679,293.9153915999,0.8130309214,0.0073572000
users,15,11517,15,12,Entropy-Relax(tau=0.3)+Greedy,209.8977467052,12.5337921294,12,1362.1022532948,0.0468526290,209.8977467052,0.8664772604,0.0091108000
users,15,11517,15,12,Entropy-Relax(tau=0.3)+Projection,296.6146360757,59.0258605566,12,1275.3853639243,0.0386772692,296.6146360757,0.8113138447,0.0046711001
users,15,11517,15,12,Entropy-Relax(tau=0.8)+Greedy,223.1918945672,19.6612667952,12,1348.8081054328,0.0526645434,223.1918945672,0.8580204233,0.0055200000
users,15,11517,15,12,Entropy-Relax(tau=0.8)+Projection,296.6146360757,59.0258605566,12,1275.3853639243,0.0386772692,296.6146360757,0.8113138447,0.0054019000
users,15,11517,15,12,Hybrid-Score-Greedy(alpha=0.25),191.4607301990,2.6490391220,12,1380.5392698010,0.0299144751,191.4607301990,0.8782056424,0.0056858000
users,15,11518,15,12,Hungarian,100.3517719515,0.0000000000,12,1258.6482280485,0.0135344805,100.3517719515,0.9261576365,0.0000588000
users,15,11518,15,12,Greedy-Cost,120.6193631321,20.1965453987,12,1238.3806368679,0.0434688130,120.6193631321,0.9112440301,0.0000740001
users,15,11518,15,12,LP-Relax+Projection,100.3517719515,0.0000000000,12,1258.6482280485,0.0135344805,100.3517719515,0.9261576365,0.0029169000
users,15,11518,15,12,Entropy-Relax(tau=0.1)+Greedy,223.1274417987,122.3452934209,12,1135.8725582013,0.0277408356,223.1274417987,0.8358149803,0.0043033999
users,15,11518,15,12,Entropy-Relax(tau=0.1)+Projection,339.2725234341,238.0832414180,12,1019.7274765659,0.0190921358,339.2725234341,0.7503513441,0.0087675001
users,15,11518,15,12,Entropy-Relax(tau=0.3)+Greedy,220.7486094181,119.9747997720,12,1138.2513905819,0.0252184229,220.7486094181,0.8375654088,0.0117478999
users,15,11518,15,12,Entropy-Relax(tau=0.3)+Projection,283.8226453664,182.8277367175,12,1075.1773546336,0.0166291179,283.8226453664,0.7911533147,0.0087677999
users,15,11518,15,12,Entropy-Relax(tau=0.8)+Greedy,220.7486094181,119.9747997720,12,1138.2513905819,0.0252184229,220.7486094181,0.8375654088,0.0060455000
users,15,11518,15,12,Entropy-Relax(tau=0.8)+Projection,283.8226453664,182.8277367175,12,1075.1773546336,0.0166291179,283.8226453664,0.7911533147,0.0060409000
users,15,11518,15,12,Hybrid-Score-Greedy(alpha=0.25),116.5875271030,16.1788425214,12,1242.4124728970,0.0359586558,116.5875271030,0.9142107968,0.0028223000
users,15,11519,15,12,Hungarian,120.8837809097,0.0000000000,12,1713.1162190903,0.0151764319,120.8837809097,0.9340873605,0.0000577001
users,15,11519,15,12,Greedy-Cost,140.2678364525,16.0352823157,12,1693.7321635475,0.0277181880,140.2678364525,0.9235180826,0.0000879000
users,15,11519,15,12,LP-Relax+Projection,120.8837809097,0.0000000000,12,1713.1162190903,0.0151764319,120.8837809097,0.9340873605,0.0033038000
users,15,11519,15,12,Entropy-Relax(tau=0.1)+Greedy,421.9720441666,249.0725066597,12,1412.0279558334,0.0306026882,421.9720441666,0.7699170970,0.0037289000
users,15,11519,15,12,Entropy-Relax(tau=0.1)+Projection,407.9379053756,237.4628939512,12,1426.0620946244,0.0217347920,407.9379053756,0.7775692991,0.0069856000
users,15,11519,15,12,Entropy-Relax(tau=0.3)+Greedy,334.7535227748,176.9217840934,12,1499.2464772252,0.0322458176,334.7535227748,0.8174735427,0.0070054000
users,15,11519,15,12,Entropy-Relax(tau=0.3)+Projection,407.9379053756,237.4628939512,12,1426.0620946244,0.0217347920,407.9379053756,0.7775692991,0.0081618000
users,15,11519,15,12,Entropy-Relax(tau=0.8)+Greedy,343.8316127653,184.4315508480,12,1490.1683872347,0.0363410896,343.8316127653,0.8125236572,0.0105377000
users,15,11519,15,12,Entropy-Relax(tau=0.8)+Projection,407.9379053756,237.4628939512,12,1426.0620946244,0.0217347920,407.9379053756,0.7775692991,0.0087637000
users,15,11519,15,12,Hybrid-Score-Greedy(alpha=0.25),132.5769825016,9.6730938624,12,1701.4230174984,0.0222433724,132.5769825016,0.9277115690,0.0032729000
users,20,12020,20,12,Hungarian,377.6501099935,0.0000000000,12,1644.3498900065,0.0120210730,377.6501099935,0.8132294214,0.0002688000
users,20,12020,20,12,Greedy-Cost,403.4157213702,6.8226145564,12,1618.5842786298,0.0206769747,403.4157213702,0.8004867847,0.0010665000
users,20,12020,20,12,LP-Relax+Projection,377.6501099935,0.0000000000,12,1644.3498900065,0.0120210730,377.6501099935,0.8132294214,0.0079855000
users,20,12020,20,12,Entropy-Relax(tau=0.1)+Greedy,599.8794893748,58.8453103814,12,1422.1205106252,0.0245563493,599.8794893748,0.7033236947,0.0113984999
users,20,12020,20,12,Entropy-Relax(tau=0.1)+Projection,694.9697297215,84.0247656047,12,1327.0302702785,0.0220034692,694.9697297215,0.6562958805,0.0095390001
users,20,12020,20,12,Entropy-Relax(tau=0.3)+Greedy,704.7259671548,86.6081720900,12,1317.2740328452,0.0364928617,704.7259671548,0.6514708372,0.0124137000
users,20,12020,20,12,Entropy-Relax(tau=0.3)+Projection,695.8215391779,84.2503208035,12,1326.1784608221,0.0242209253,695.8215391779,0.6558746097,0.0109937000
users,20,12020,20,12,Entropy-Relax(tau=0.8)+Greedy,710.6464989936,88.1759014994,12,1311.3535010064,0.0357096062,710.6464989936,0.6485427799,0.0083358000
users,20,12020,20,12,Entropy-Relax(tau=0.8)+Projection,694.9697297215,84.0247656047,12,1327.0302702785,0.0220034692,694.9697297215,0.6562958805,0.0103719999
users,20,12020,20,12,Hybrid-Score-Greedy(alpha=0.25),383.6159400885,1.5797241778,12,1638.3840599115,0.0154983218,383.6159400885,0.8102789614,0.0056657001
users,20,12021,20,12,Hungarian,406.2623675380,0.0000000000,12,1258.7376324620,0.0185384604,406.2623675380,0.7559985781,0.0000648000
users,20,12021,20,12,Greedy-Cost,417.2623416919,2.7076035176,12,1247.7376583081,0.0310320076,417.2623416919,0.7493919870,0.0000907000
users,20,12021,20,12,LP-Relax+Projection,406.2623675380,0.0000000000,12,1258.7376324620,0.0185384604,406.2623675380,0.7559985781,0.0040064000
users,20,12021,20,12,Entropy-Relax(tau=0.1)+Greedy,570.2741718082,40.3709074173,12,1094.7258281918,0.0288309600,570.2741718082,0.6574929899,0.0029321000
users,20,12021,20,12,Entropy-Relax(tau=0.1)+Projection,517.5916604448,27.4032993953,12,1147.4083395552,0.0271809817,517.5916604448,0.6891341379,0.0039388000
users,20,12021,20,12,Entropy-Relax(tau=0.3)+Greedy,592.3199627183,45.7973984418,12,1072.6800372817,0.0328434393,592.3199627183,0.6442522746,0.0029505000
users,20,12021,20,12,Entropy-Relax(tau=0.3)+Projection,626.3229252798,54.1671036565,12,1038.6770747202,0.0286138717,626.3229252798,0.6238300749,0.0035200000
users,20,12021,20,12,Entropy-Relax(tau=0.8)+Greedy,603.8925443211,48.6459471944,12,1061.1074556789,0.0389391362,603.8925443211,0.6373017752,0.0030415000
users,20,12021,20,12,Entropy-Relax(tau=0.8)+Projection,626.3229252798,54.1671036565,12,1038.6770747202,0.0286138717,626.3229252798,0.6238300749,0.0031798001
users,20,12021,20,12,Hybrid-Score-Greedy(alpha=0.25),427.6014492328,5.2525371287,12,1237.3985507672,0.0315410041,427.6014492328,0.7431823128,0.0024525000
users,20,12022,20,12,Hungarian,332.4859567137,0.0000000000,12,1564.5140432863,0.0287304831,332.4859567137,0.8247306501,0.0000603000
users,20,12022,20,12,Greedy-Cost,343.1350065401,3.2028570264,12,1553.8649934599,0.0375733552,343.1350065401,0.8191170234,0.0000852001
users,20,12022,20,12,LP-Relax+Projection,332.4859567137,0.0000000000,12,1564.5140432863,0.0287304831,332.4859567137,0.8247306501,0.0032030999
users,20,12022,20,12,Entropy-Relax(tau=0.1)+Greedy,751.8259349790,126.1226135413,12,1145.1740650210,0.0448593762,751.8259349790,0.6036763653,0.0028192000
users,20,12022,20,12,Entropy-Relax(tau=0.1)+Projection,745.9032219912,124.3412712416,12,1151.0967780088,0.0384875662,745.9032219912,0.6067985124,0.0027263000
users,20,12022,20,12,Entropy-Relax(tau=0.3)+Greedy,773.5634889310,132.6604998830,12,1123.4365110690,0.0451926759,773.5634889310,0.5922174544,0.0027355000
users,20,12022,20,12,Entropy-Relax(tau=0.3)+Projection,740.0210736329,122.5721293456,12,1156.9789263671,0.0405698157,740.0210736329,0.6098992759,0.0036552000
users,20,12022,20,12,Entropy-Relax(tau=0.8)+Greedy,771.5743230002,132.0622292221,12,1125.4256769998,0.0463171002,771.5743230002,0.5932660395,0.0039679001
users,20,12022,20,12,Entropy-Relax(tau=0.8)+Projection,773.9866770385,132.7877798775,12,1123.0133229615,0.0418440577,773.9866770385,0.5919943716,0.0058680000
users,20,12022,20,12,Hybrid-Score-Greedy(alpha=0.25),351.2319677175,5.6381361754,12,1545.7680322825,0.0464597303,351.2319677175,0.8148487255,0.0014426000
users,20,12023,20,12,Hungarian,577.0526752547,0.0000000000,12,1767.9473247453,0.0205006190,577.0526752547,0.7539221001,0.0000607000
users,20,12023,20,12,Greedy-Cost,639.8983948987,10.8908115912,12,1705.1016051013,0.0376841685,639.8983948987,0.7271222197,0.0001037001
users,20,12023,20,12,LP-Relax+Projection,577.0526752547,0.0000000000,12,1767.9473247453,0.0205006190,577.0526752547,0.7539221001,0.0042129001
users,20,12023,20,12,Entropy-Relax(tau=0.1)+Greedy,852.4690812762,47.7281222030,12,1492.5309187238,0.0327551684,852.4690812762,0.6364737393,0.0029853000
users,20,12023,20,12,Entropy-Relax(tau=0.1)+Projection,847.9752453516,46.9493655804,12,1497.0247546484,0.0301344623,847.9752453516,0.6383900873,0.0029667000
users,20,12023,20,12,Entropy-Relax(tau=0.3)+Greedy,853.0314886911,47.8255842614,12,1491.9685113089,0.0287778353,853.0314886911,0.6362339067,0.0034134000
users,20,12023,20,12,Entropy-Relax(tau=0.3)+Projection,896.0953762184,55.2883150265,12,1448.9046237816,0.0273580208,896.0953762184,0.6178697756,0.0042890001
users,20,12023,20,12,Entropy-Relax(tau=0.8)+Greedy,903.7528270579,56.6153084134,12,1441.2471729421,0.0312809877,903.7528270579,0.6146043381,0.0033499000
users,20,12023,20,12,Entropy-Relax(tau=0.8)+Projection,896.0953762184,55.2883150265,12,1448.9046237816,0.0273580208,896.0953762184,0.6178697756,0.0042127001
users,20,12023,20,12,Hybrid-Score-Greedy(alpha=0.25),590.5473029489,2.3385434767,12,1754.4526970511,0.0296460946,590.5473029489,0.7481674614,0.0018520000
users,20,12024,20,12,Hungarian,613.6636968670,0.0000000000,12,1826.3363031330,0.0213798990,613.6636968670,0.7484984849,0.0000611000
users,20,12024,20,12,Greedy-Cost,633.5294524222,3.2372381903,12,1806.4705475778,0.0245510043,633.5294524222,0.7403567818,0.0000948000
users,20,12024,20,12,LP-Relax+Projection,613.6636968670,0.0000000000,12,1826.3363031330,0.0213798990,613.6636968670,0.7484984849,0.0039212001
users,20,12024,20,12,Entropy-Relax(tau=0.1)+Greedy,706.5425044296,15.1351315121,12,1733.4574955704,0.0325472646,706.5425044296,0.7104333998,0.0087972000
users,20,12024,20,12,Entropy-Relax(tau=0.1)+Projection,711.5720683261,15.9547276397,12,1728.4279316739,0.0276374534,711.5720683261,0.7083721031,0.0032777000
users,20,12024,20,12,Entropy-Relax(tau=0.3)+Greedy,718.4735434193,17.0793623751,12,1721.5264565807,0.0371377059,718.4735434193,0.7055436297,0.0057502999
users,20,12024,20,12,Entropy-Relax(tau=0.3)+Projection,711.5720683261,15.9547276397,12,1728.4279316739,0.0276374534,711.5720683261,0.7083721031,0.0075512000
users,20,12024,20,12,Entropy-Relax(tau=0.8)+Greedy,736.3041128632,19.9849553790,12,1703.6958871368,0.0413242022,736.3041128632,0.6982360193,0.0034826000
users,20,12024,20,12,Entropy-Relax(tau=0.8)+Projection,711.1185547025,15.8808250077,12,1728.8814452975,0.0271971776,711.1185547025,0.7085579694,0.0047557000
users,20,12024,20,12,Hybrid-Score-Greedy(alpha=0.25),628.2189349558,2.3718590758,12,1811.7810650442,0.0220001597,628.2189349558,0.7425332234,0.0014394000
users,30,13030,30,12,Hungarian,1327.8341307071,0.0000000000,12,1967.1658692929,0.0327204683,1327.8341307071,0.5970154383,0.0000664000
users,30,13030,30,12,Greedy-Cost,1340.0776369444,0.9220659384,12,1954.9223630556,0.0389802900,1340.0776369444,0.5932996549,0.0002391000
users,30,13030,30,12,LP-Relax+Projection,1327.8341307071,0.0000000000,12,1967.1658692929,0.0327204683,1327.8341307071,0.5970154383,0.0048076001
users,30,13030,30,12,Entropy-Relax(tau=0.1)+Greedy,1621.5402050300,22.1191839802,12,1673.4597949700,0.0401311945,1621.5402050300,0.5078785417,0.0076320000
users,30,13030,30,12,Entropy-Relax(tau=0.1)+Projection,1621.5402050300,22.1191839802,12,1673.4597949700,0.0401311945,1621.5402050300,0.5078785417,0.0030972000
users,30,13030,30,12,Entropy-Relax(tau=0.3)+Greedy,1643.2111846251,23.7512386995,12,1651.7888153749,0.0523930666,1643.2111846251,0.5013016132,0.0029897999
users,30,13030,30,12,Entropy-Relax(tau=0.3)+Projection,1599.6682538345,20.4719939668,12,1695.3317461655,0.0456807701,1599.6682538345,0.5145164632,0.0029334000
users,30,13030,30,12,Entropy-Relax(tau=0.8)+Greedy,1673.8511254966,26.0587513747,12,1621.1488745034,0.0469798777,1673.8511254966,0.4920026933,0.0043162000
users,30,13030,30,12,Entropy-Relax(tau=0.8)+Projection,1589.3122776269,19.6920790687,12,1705.6877223731,0.0464611608,1589.3122776269,0.5176593998,0.0045186999
users,30,13030,30,12,Hybrid-Score-Greedy(alpha=0.25),1345.7661127193,1.3504685260,12,1949.2338872807,0.0424065295,1345.7661127193,0.5915732587,0.0020501000
users,30,13031,30,12,Hungarian,1370.1419811949,0.0000000000,12,1662.8580188051,0.0150944016,1370.1419811949,0.5482551991,0.0000649000
users,30,13031,30,12,Greedy-Cost,1385.0277238699,1.0864379662,12,1647.9722761301,0.0260326121,1385.0277238699,0.5433472721,0.0001217000
users,30,13031,30,12,LP-Relax+Projection,1370.1419811949,0.0000000000,12,1662.8580188051,0.0150944016,1370.1419811949,0.5482551991,0.0032147000
users,30,13031,30,12,Entropy-Relax(tau=0.1)+Greedy,1705.9837295683,24.5114559646,12,1327.0162704317,0.0378819558,1705.9837295683,0.4375259711,0.0037813000
users,30,13031,30,12,Entropy-Relax(tau=0.1)+Projection,1701.5982680751,24.1913824574,12,1331.4017319249,0.0337943738,1701.5982680751,0.4389718866,0.0029922000
users,30,13031,30,12,Entropy-Relax(tau=0.3)+Greedy,1562.8079421227,14.0617515245,12,1470.1920578773,0.0352651176,1562.8079421227,0.4847319676,0.0046465000
users,30,13031,30,12,Entropy-Relax(tau=0.3)+Projection,1695.5553472236,23.7503390521,12,1337.4446527764,0.0343064451,1695.5553472236,0.4409642772,0.0058703000
users,30,13031,30,12,Entropy-Relax(tau=0.8)+Greedy,1555.5424563145,13.5314790485,12,1477.4575436855,0.0436479416,1555.5424563145,0.4871274460,0.0032459000
users,30,13031,30,12,Entropy-Relax(tau=0.8)+Projection,1515.2318259072,10.5894021717,12,1517.7681740928,0.0296823616,1515.2318259072,0.5004181253,0.0038310001
users,30,13031,30,12,Hybrid-Score-Greedy(alpha=0.25),1374.5903930083,0.3246679450,12,1658.4096069917,0.0179688497,1374.5903930083,0.5467885285,0.0064275999
users,30,13032,30,12,Hungarian,1274.1053814870,0.0000000000,12,1977.8946185130,0.0203864123,1274.1053814870,0.6082086773,0.0000757000
users,30,13032,30,12,Greedy-Cost,1303.1863506170,2.2824618397,12,1948.8136493830,0.0316365932,1303.1863506170,0.5992661898,0.0001411000
users,30,13032,30,12,LP-Relax+Projection,1274.1053814870,0.0000000000,12,1977.8946185130,0.0203864123,1274.1053814870,0.6082086773,0.0040150001
users,30,13032,30,12,Entropy-Relax(tau=0.1)+Greedy,1560.2257832130,22.4565727359,12,1691.7742167870,0.0325753416,1560.2257832130,0.5202257739,0.0030783000
users,30,13032,30,12,Entropy-Relax(tau=0.1)+Projection,1590.8157601141,24.8574712288,12,1661.1842398859,0.0291814351,1590.8157601141,0.5108192620,0.0031594001
users,30,13032,30,12,Entropy-Relax(tau=0.3)+Greedy,1610.7124029477,26.4190879618,12,1641.2875970523,0.0415856987,1610.7124029477,0.5047009831,0.0094476000
users,30,13032,30,12,Entropy-Relax(tau=0.3)+Projection,1599.8722071441,25.5682795466,12,1652.1277928559,0.0319486869,1599.8722071441,0.5080343766,0.0062956001
users,30,13032,30,12,Entropy-Relax(tau=0.8)+Greedy,1639.3707899475,28.6683828330,12,1612.6292100525,0.0420102393,1639.3707899475,0.4958884410,0.0093672000
users,30,13032,30,12,Entropy-Relax(tau=0.8)+Projection,1626.2788678006,27.6408444255,12,1625.7211321994,0.0362576738,1626.2788678006,0.4999142473,0.0042140001
users,30,13032,30,12,Hybrid-Score-Greedy(alpha=0.25),1274.1053814870,0.0000000000,12,1977.8946185130,0.0203864123,1274.1053814870,0.6082086773,0.0033070000
users,30,13033,30,12,Hungarian,1465.6172858065,0.0000000000,12,1996.3827141935,0.0283184677,1465.6172858065,0.5766558966,0.0000687001
users,30,13033,30,12,Greedy-Cost,1484.1324067094,1.2632984806,12,1977.8675932906,0.0382989313,1484.1324067094,0.5713077970,0.0002043000
users,30,13033,30,12,LP-Relax+Projection,1465.6172858065,0.0000000000,12,1996.3827141935,0.0283184677,1465.6172858065,0.5766558966,0.0043951001
users,30,13033,30,12,Entropy-Relax(tau=0.1)+Greedy,1765.9596788794,20.4925525907,12,1696.0403211206,0.0378034208,1765.9596788794,0.4899018836,0.0077146001
users,30,13033,30,12,Entropy-Relax(tau=0.1)+Projection,1854.2626792076,26.5175224914,12,1607.7373207924,0.0374830087,1854.2626792076,0.4643955288,0.0037067001
users,30,13033,30,12,Entropy-Relax(tau=0.3)+Greedy,1734.3864821980,18.3382932908,12,1727.6135178020,0.0378944623,1734.3864821980,0.4990218133,0.0035204000
users,30,13033,30,12,Entropy-Relax(tau=0.3)+Projection,1734.0769888982,18.3171763660,12,1727.9230111018,0.0377554315,1734.0769888982,0.4991112106,0.0047153999
users,30,13033,30,12,Entropy-Relax(tau=0.8)+Greedy,1752.8391486199,19.5973304624,12,1709.1608513801,0.0401739324,1752.8391486199,0.4936917537,0.0046925000
users,30,13033,30,12,Entropy-Relax(tau=0.8)+Projection,1839.6069356517,25.5175517829,12,1622.3930643483,0.0347674725,1839.6069356517,0.4686288459,0.0048391001
users,30,13033,30,12,Hybrid-Score-Greedy(alpha=0.25),1488.2571409612,1.5447317232,12,1973.7428590388,0.0324901037,1488.2571409612,0.5701163660,0.0015936999
users,30,13034,30,12,Hungarian,1298.1779215560,0.0000000000,12,1831.8220784440,0.0182418947,1298.1779215560,0.5852466704,0.0000702000
users,30,13034,30,12,Greedy-Cost,1322.8161345442,1.8979072575,12,1807.1838654558,0.0299852841,1322.8161345442,0.5773750369,0.0001226000
users,30,13034,30,12,LP-Relax+Projection,1298.1779215560,0.0000000000,12,1831.8220784440,0.0182418947,1298.1779215560,0.5852466704,0.0033885001
users,30,13034,30,12,Entropy-Relax(tau=0.1)+Greedy,1415.6236938653,9.0469704005,12,1714.3763061347,0.0210130893,1415.6236938653,0.5477240595,0.0030219000
users,30,13034,30,12,Entropy-Relax(tau=0.1)+Projection,1379.7619087224,6.2844996677,12,1750.2380912776,0.0205392832,1379.7619087224,0.5591814988,0.0055292000
users,30,13034,30,12,Entropy-Relax(tau=0.3)+Greedy,1387.7128137286,6.8969661774,12,1742.2871862714,0.0253518700,1387.7128137286,0.5566412736,0.0052299000
users,30,13034,30,12,Entropy-Relax(tau=0.3)+Projection,1379.7619087224,6.2844996677,12,1750.2380912776,0.0205392832,1379.7619087224,0.5591814988,0.0065105000
users,30,13034,30,12,Entropy-Relax(tau=0.8)+Greedy,1390.8889065664,7.1416239231,12,1739.1110934336,0.0263157640,1390.8889065664,0.5556265474,0.0074711000
users,30,13034,30,12,Entropy-Relax(tau=0.8)+Projection,1379.7619087224,6.2844996677,12,1750.2380912776,0.0205392832,1379.7619087224,0.5591814988,0.0034245000
users,30,13034,30,12,Hybrid-Score-Greedy(alpha=0.25),1303.7481120563,0.4290775870,12,1826.2518879437,0.0220192597,1303.7481120563,0.5834670569,0.0036096000
users,50,15050,50,12,Hungarian,3060.4231864970,0.0000000000,12,2161.5768135030,0.0266635641,3060.4231864970,0.4139365786,0.0000745001
users,50,15050,50,12,Greedy-Cost,3083.3027171945,0.7475936922,12,2138.6972828055,0.0350938996,3083.3027171945,0.4095552054,0.0001783000
users,50,15050,50,12,LP-Relax+Projection,3060.4231864970,0.0000000000,12,2161.5768135030,0.0266635641,3060.4231864970,0.4139365786,0.0046790000
users,50,15050,50,12,Entropy-Relax(tau=0.1)+Greedy,3422.2641013531,11.8232313901,12,1799.7358986469,0.0430402637,3422.2641013531,0.3446449442,0.0035658000
users,50,15050,50,12,Entropy-Relax(tau=0.1)+Projection,3422.2641013531,11.8232313901,12,1799.7358986469,0.0430402637,3422.2641013531,0.3446449442,0.0110383000
users,50,15050,50,12,Entropy-Relax(tau=0.3)+Greedy,3418.7599787402,11.7087334139,12,1803.2400212598,0.0461248360,3418.7599787402,0.3453159750,0.0063149000
users,50,15050,50,12,Entropy-Relax(tau=0.3)+Projection,3500.3369687200,14.3742794841,12,1721.6630312800,0.0456493644,3500.3369687200,0.3296941845,0.0066174000
users,50,15050,50,12,Entropy-Relax(tau=0.8)+Greedy,3354.6941911011,9.6153697274,12,1867.3058088989,0.0507421176,3354.6941911011,0.3575844138,0.0112630001
users,50,15050,50,12,Entropy-Relax(tau=0.8)+Projection,3498.2094543244,14.3047624838,12,1723.7905456756,0.0432354035,3498.2094543244,0.3301015982,0.0099553000
users,50,15050,50,12,Hybrid-Score-Greedy(alpha=0.25),3063.9185734875,0.1142125379,12,2158.0814265125,0.0294506530,3063.9185734875,0.4132672207,0.0034045000
users,50,15051,50,12,Hungarian,3239.9713371940,0.0000000000,12,2175.0286628060,0.0245336678,3239.9713371940,0.4016673431,0.0000686001
users,50,15051,50,12,Greedy-Cost,3249.3845153515,0.2905327603,12,2165.6154846485,0.0199171495,3249.3845153515,0.3999289907,0.0001725000
users,50,15051,50,12,LP-Relax+Projection,3239.9713371940,0.0000000000,12,2175.0286628060,0.0245336678,3239.9713371940,0.4016673431,0.0054031999
users,50,15051,50,12,Entropy-Relax(tau=0.1)+Greedy,3728.8113944062,15.0877895616,12,1686.1886055938,0.0302140171,3728.8113944062,0.3113921709,0.0055967000
users,50,15051,50,12,Entropy-Relax(tau=0.1)+Projection,3752.1602749090,15.8084403968,12,1662.8397250910,0.0239960430,3752.1602749090,0.3070802816,0.0035504000
users,50,15051,50,12,Entropy-Relax(tau=0.3)+Greedy,3690.6194883791,13.9090166018,12,1724.3805116209,0.0341444364,3690.6194883791,0.3184451545,0.0040703000
users,50,15051,50,12,Entropy-Relax(tau=0.3)+Projection,3726.9458280970,15.0302098452,12,1688.0541719030,0.0324211321,3726.9458280970,0.3117366892,0.0135035000
users,50,15051,50,12,Entropy-Relax(tau=0.8)+Greedy,3717.0012080319,14.7232744118,12,1697.9987919681,0.0310203223,3717.0012080319,0.3135731841,0.0047486000
users,50,15051,50,12,Entropy-Relax(tau=0.8)+Projection,3711.7871831454,14.5623462941,12,1703.2128168546,0.0360233111,3711.7871831454,0.3145360696,0.0097755999
users,50,15051,50,12,Hybrid-Score-Greedy(alpha=0.25),3245.7516121074,0.1784051250,12,2169.2483878926,0.0247010800,3245.7516121074,0.4005998870,0.0024937000
users,50,15052,50,12,Hungarian,3397.8737775727,0.0000000000,12,2018.1262224273,0.0174235769,3397.8737775727,0.3726230100,0.0000734001
users,50,15052,50,12,Greedy-Cost,3405.4635483494,0.2233682377,12,2010.5364516506,0.0187228634,3405.4635483494,0.3712216491,0.0001836000
users,50,15052,50,12,LP-Relax+Projection,3397.8737775727,0.0000000000,12,2018.1262224273,0.0174235769,3397.8737775727,0.3726230100,0.0047907000
users,50,15052,50,12,Entropy-Relax(tau=0.1)+Greedy,3862.3193441751,13.6687115828,12,1553.6806558249,0.0236570402,3862.3193441751,0.2868686588,0.0049686000
users,50,15052,50,12,Entropy-Relax(tau=0.1)+Projection,3895.1203757415,14.6340514898,12,1520.8796242585,0.0218586858,3895.1203757415,0.2808123383,0.0063202000
users,50,15052,50,12,Entropy-Relax(tau=0.3)+Greedy,3898.8296838169,14.7432170539,12,1517.1703161831,0.0234035084,3898.8296838169,0.2801274587,0.0074477000
users,50,15052,50,12,Entropy-Relax(tau=0.3)+Projection,3895.1203757415,14.6340514898,12,1520.8796242585,0.0218586858,3895.1203757415,0.2808123383,0.0106689000
users,50,15052,50,12,Entropy-Relax(tau=0.8)+Greedy,4082.9345541872,20.1614545289,12,1333.0654458128,0.0271113242,4082.9345541872,0.2461346835,0.0124265000
users,50,15052,50,12,Entropy-Relax(tau=0.8)+Projection,4033.5044319003,18.7067176692,12,1382.4955680997,0.0261116324,4033.5044319003,0.2552613678,0.0071910000
users,50,15052,50,12,Hybrid-Score-Greedy(alpha=0.25),3412.0007114700,0.4157580541,12,2003.9992885300,0.0203173624,3412.0007114700,0.3700146397,0.0018687999
users,50,15053,50,12,Hungarian,3677.3967290186,0.0000000000,12,2137.6032709814,0.0190848081,3677.3967290186,0.3676015943,0.0002925000
users,50,15053,50,12,Greedy-Cost,3694.8979169182,0.4759124236,12,2120.1020830818,0.0294996442,3694.8979169182,0.3645919317,0.0008009000
users,50,15053,50,12,LP-Relax+Projection,3677.3967290186,0.0000000000,12,2137.6032709814,0.0190848081,3677.3967290186,0.3676015943,0.0202103000
users,50,15053,50,12,Entropy-Relax(tau=0.1)+Greedy,3872.4027236124,5.3028272162,12,1942.5972763876,0.0264325072,3872.4027236124,0.3340665996,0.0052878000
users,50,15053,50,12,Entropy-Relax(tau=0.1)+Projection,3872.4027236124,5.3028272162,12,1942.5972763876,0.0264325072,3872.4027236124,0.3340665996,0.0087618999
users,50,15053,50,12,Entropy-Relax(tau=0.3)+Greedy,4052.2119303625,10.1924059046,12,1762.7880696375,0.0345874772,4052.2119303625,0.3031449819,0.0070809000
users,50,15053,50,12,Entropy-Relax(tau=0.3)+Projection,3872.4027236124,5.3028272162,12,1942.5972763876,0.0264325072,3872.4027236124,0.3340665996,0.0065565000
users,50,15053,50,12,Entropy-Relax(tau=0.8)+Greedy,3930.9943691026,6.8961186070,12,1884.0056308974,0.0338999542,3930.9943691026,0.3239906502,0.0059228000
users,50,15053,50,12,Entropy-Relax(tau=0.8)+Projection,3920.3597659161,6.6069302499,12,1894.6402340839,0.0286559910,3920.3597659161,0.3258194728,0.0041258001
users,50,15053,50,12,Hybrid-Score-Greedy(alpha=0.25),3705.8106544485,0.7726641296,12,2109.1893455515,0.0252151033,3705.8106544485,0.3627152787,0.0034018999
users,50,15054,50,12,Hungarian,3103.3358576417,0.0000000000,12,2036.6641423583,0.0129209465,3103.3358576417,0.3962381600,0.0001296999
users,50,15054,50,12,Greedy-Cost,3138.2883527019,1.1262878613,12,2001.7116472981,0.0167954819,3138.2883527019,0.3894380637,0.0002307000
users,50,15054,50,12,LP-Relax+Projection,3103.3358576417,0.0000000000,12,2036.6641423583,0.0129209465,3103.3358576417,0.3962381600,0.0082157000
users,50,15054,50,12,Entropy-Relax(tau=0.1)+Greedy,3617.3170399581,16.5622158185,12,1522.6829600419,0.0310824027,3617.3170399581,0.2962418210,0.0098013000
users,50,15054,50,12,Entropy-Relax(tau=0.1)+Projection,3660.0153850390,17.9381012218,12,1479.9846149610,0.0339436088,3660.0153850390,0.2879347500,0.0068514000
users,50,15054,50,12,Entropy-Relax(tau=0.3)+Greedy,3748.2648603966,20.7817984369,12,1391.7351396034,0.0502062008,3748.2648603966,0.2707655914,0.0036535000
users,50,15054,50,12,Entropy-Relax(tau=0.3)+Projection,3725.6309839453,20.0524582208,12,1414.3690160547,0.0428448156,3725.6309839453,0.2751690693,0.0046754000
users,50,15054,50,12,Entropy-Relax(tau=0.8)+Greedy,3721.8434714257,19.9304117297,12,1418.1565285743,0.0512691549,3721.8434714257,0.2759059394,0.0149251000
users,50,15054,50,12,Entropy-Relax(tau=0.8)+Projection,3850.3828038223,24.0723846999,12,1289.6171961777,0.0483391311,3850.3828038223,0.2508982872,0.0127517000
users,50,15054,50,12,Hybrid-Score-Greedy(alpha=0.25),3108.5673773944,0.1685772985,12,2031.4326226056,0.0169506343,3108.5673773944,0.3952203546,0.0077512000
users,80,18080,80,12,Hungarian,6698.4168428389,0.0000000000,12,2217.5831571611,0.0299191999,6698.4168428389,0.2487195107,0.0002856001
users,80,18080,80,12,Greedy-Cost,6728.0014543025,0.4416657273,12,2187.9985456975,0.0353002683,6728.0014543025,0.2454013622,0.0007298001
users,80,18080,80,12,LP-Relax+Projection,6698.4168428389,0.0000000000,12,2217.5831571611,0.0299191999,6698.4168428389,0.2487195107,0.0205069000
users,80,18080,80,12,Entropy-Relax(tau=0.1)+Greedy,7064.3906413591,5.4635865027,12,1851.6093586409,0.0312744618,7064.3906413591,0.2076726513,0.0074561001
users,80,18080,80,12,Entropy-Relax(tau=0.1)+Projection,7064.3906413591,5.4635865027,12,1851.6093586409,0.0312744618,7064.3906413591,0.2076726513,0.0083887000
users,80,18080,80,12,Entropy-Relax(tau=0.3)+Greedy,7000.1493589756,4.5045347761,12,1915.8506410244,0.0425179032,7000.1493589756,0.2148778198,0.0069804000
users,80,18080,80,12,Entropy-Relax(tau=0.3)+Projection,7015.8438665930,4.7388365221,12,1900.1561334070,0.0446801385,7015.8438665930,0.2131175565,0.0131825000
users,80,18080,80,12,Entropy-Relax(tau=0.8)+Greedy,6994.4051095082,4.4187794462,12,1921.5948904918,0.0488686868,6994.4051095082,0.2155220828,0.0111815000
users,80,18080,80,12,Entropy-Relax(tau=0.8)+Projection,7028.4653661942,4.9272616366,12,1887.5346338058,0.0439029944,7028.4653661942,0.2117019553,0.0096705999
users,80,18080,80,12,Hybrid-Score-Greedy(alpha=0.25),6698.4168428389,0.0000000000,12,2217.5831571611,0.0299191999,6698.4168428389,0.2487195107,0.0031695000
users,80,18081,80,12,Hungarian,7651.5135032823,0.0000000000,12,2205.4864967177,0.0223017003,7651.5135032823,0.2237482496,0.0001386000
users,80,18081,80,12,Greedy-Cost,7665.4776002319,0.1825011084,12,2191.5223997681,0.0235054499,7665.4776002319,0.2223315816,0.0014397000
users,80,18081,80,12,LP-Relax+Projection,7651.5135032823,0.0000000000,12,2205.4864967177,0.0223017003,7651.5135032823,0.2237482496,0.0128140000
users,80,18081,80,12,Entropy-Relax(tau=0.1)+Greedy,7981.2981764934,4.3100580437,12,1875.7018235066,0.0315827797,7981.2981764934,0.1902913486,0.0058679000
users,80,18081,80,12,Entropy-Relax(tau=0.1)+Projection,8010.4167605687,4.6906178383,12,1846.5832394313,0.0274972587,8010.4167605687,0.1873372466,0.0039801999
users,80,18081,80,12,Entropy-Relax(tau=0.3)+Greedy,7982.8821025063,4.3307588634,12,1874.1178974937,0.0310376377,7982.8821025063,0.1901306582,0.0068068000
users,80,18081,80,12,Entropy-Relax(tau=0.3)+Projection,7993.7482017876,4.4727712806,12,1863.2517982124,0.0310523865,7993.7482017876,0.1890282843,0.0070110000
users,80,18081,80,12,Entropy-Relax(tau=0.8)+Greedy,8125.2496223277,6.1914040777,12,1731.7503776723,0.0454804361,8125.2496223277,0.1756873671,0.0058949000
users,80,18081,80,12,Entropy-Relax(tau=0.8)+Projection,8156.8302057504,6.6041405044,12,1700.1697942496,0.0386593122,8156.8302057504,0.1724834934,0.0069851001
users,80,18081,80,12,Hybrid-Score-Greedy(alpha=0.25),7660.7985613044,0.1213492993,12,2196.2014386956,0.0209515346,7660.7985613044,0.2228062736,0.0023950001
users,80,18082,80,12,Hungarian,6212.8859445530,0.0000000000,12,2217.1140554470,0.0194105634,6212.8859445530,0.2630028536,0.0000962000
users,80,18082,80,12,Greedy-Cost,6228.7833642635,0.2558781837,12,2201.2166357365,0.0265878854,6228.7833642635,0.2611170386,0.0003242000
users,80,18082,80,12,LP-Relax+Projection,6212.8859445530,0.0000000000,12,2217.1140554470,0.0194105634,6212.8859445530,0.2630028536,0.0098636999
users,80,18082,80,12,Entropy-Relax(tau=0.1)+Greedy,6534.2863331741,5.1731255247,12,1895.7136668259,0.0244758599,6534.2863331741,0.2248770661,0.0043956001
users,80,18082,80,12,Entropy-Relax(tau=0.1)+Projection,6534.2863331741,5.1731255247,12,1895.7136668259,0.0244758599,6534.2863331741,0.2248770661,0.0039137000
users,80,18082,80,12,Entropy-Relax(tau=0.3)+Greedy,6543.5753202462,5.3226371552,12,1886.4246797538,0.0300918978,6543.5753202462,0.2237751696,0.0085797000
users,80,18082,80,12,Entropy-Relax(tau=0.3)+Projection,6558.0576476265,5.5557386077,12,1871.9423523735,0.0274106627,6558.0576476265,0.2220572185,0.0126337000
users,80,18082,80,12,Entropy-Relax(tau=0.8)+Greedy,6635.5239184166,6.8026031322,12,1794.4760815834,0.0566853572,6635.5239184166,0.2128678626,0.0155502000
users,80,18082,80,12,Entropy-Relax(tau=0.8)+Projection,6672.8769508928,7.4038218381,12,1757.1230491072,0.0316254050,6672.8769508928,0.2084368979,0.0047431000
users,80,18082,80,12,Hybrid-Score-Greedy(alpha=0.25),6215.9851049939,0.0498827834,12,2214.0148950061,0.0210255246,6215.9851049939,0.2626352189,0.0032903000
users,80,18083,80,12,Hungarian,6833.6491219482,0.0000000000,12,2248.3508780518,0.0120719149,6833.6491219482,0.2475612066,0.0000938000
users,80,18083,80,12,Greedy-Cost,6863.0996368073,0.4309632282,12,2218.9003631927,0.0255481345,6863.0996368073,0.2443184721,0.0002774999
users,80,18083,80,12,LP-Relax+Projection,6833.6491219482,0.0000000000,12,2248.3508780518,0.0120719149,6833.6491219482,0.2475612066,0.0086777000
users,80,18083,80,12,Entropy-Relax(tau=0.1)+Greedy,7195.2442371581,5.2913913014,12,1886.7557628419,0.0328722523,7195.2442371581,0.2077467257,0.0052270000
users,80,18083,80,12,Entropy-Relax(tau=0.1)+Projection,7206.4945055298,5.4560217671,12,1875.5054944702,0.0325912776,7206.4945055298,0.2065079822,0.0051433000
users,80,18083,80,12,Entropy-Relax(tau=0.3)+Greedy,7335.1521544076,7.3387296232,12,1746.8478455924,0.0374165158,7335.1521544076,0.1923417579,0.0051248000
users,80,18083,80,12,Entropy-Relax(tau=0.3)+Projection,7367.6143406079,7.8137640539,12,1714.3856593921,0.0361546155,7367.6143406079,0.1887674146,0.0056583000
users,80,18083,80,12,Entropy-Relax(tau=0.8)+Greedy,7313.4400298235,7.0210058976,12,1768.5599701765,0.0500282555,7313.4400298235,0.1947324345,0.0071859000
users,80,18083,80,12,Entropy-Relax(tau=0.8)+Projection,7279.2897802747,6.5212692424,12,1802.7102197253,0.0303249123,7279.2897802747,0.1984926470,0.0044380000
users,80,18083,80,12,Hybrid-Score-Greedy(alpha=0.25),6834.9926432823,0.0196603793,12,2247.0073567177,0.0126323161,6834.9926432823,0.2474132742,0.0024785000
users,80,18084,80,12,Hungarian,6425.1831590874,0.0000000000,12,2116.8168409126,0.0153380159,6425.1831590874,0.2478127887,0.0000774000
users,80,18084,80,12,Greedy-Cost,6449.1844490508,0.3735502844,12,2092.8155509492,0.0185618365,6449.1844490508,0.2450029912,0.0002996000
users,80,18084,80,12,LP-Relax+Projection,6425.1831590874,0.0000000000,12,2116.8168409126,0.0153380159,6425.1831590874,0.2478127887,0.0085720000
users,80,18084,80,12,Entropy-Relax(tau=0.1)+Greedy,7009.1184037531,9.0882272179,12,1532.8815962469,0.0389630056,7009.1184037531,0.1794523058,0.0070089999
users,80,18084,80,12,Entropy-Relax(tau=0.1)+Projection,6950.9175845692,8.1824037146,12,1591.0824154308,0.0353264554,6950.9175845692,0.1862657944,0.0056372000
users,80,18084,80,12,Entropy-Relax(tau=0.3)+Greedy,7055.0208181645,9.8026413175,12,1486.9791818355,0.0475783732,7055.0208181645,0.1740785743,0.0059040000
users,80,18084,80,12,Entropy-Relax(tau=0.3)+Projection,7058.9224513649,9.8633653950,12,1483.0775486351,0.0491565201,7058.9224513649,0.1736218156,0.0052646000
users,80,18084,80,12,Entropy-Relax(tau=0.8)+Greedy,7177.9734967900,11.7162471336,12,1364.0265032100,0.0510180270,7177.9734967900,0.1596846761,0.0046518000
users,80,18084,80,12,Entropy-Relax(tau=0.8)+Projection,7173.5336275781,11.6471460807,12,1368.4663724219,0.0456532937,7173.5336275781,0.1602044454,0.0056474999
users,80,18084,80,12,Hybrid-Score-Greedy(alpha=0.25),6439.5617647278,0.2237851480,12,2102.4382352722,0.0201770343,6439.5617647278,0.2461295054,0.0026689001
rbs,5,20505,15,5,Hungarian,1155.9037044361,0.0000000000,5,826.0962955639,0.0310911693,1155.9037044361,0.4167993419,0.0000386999
rbs,5,20505,15,5,Greedy-Cost,1162.3951879830,0.5615938008,5,819.6048120170,0.0390025146,1162.3951879830,0.4135241231,0.0000463000
rbs,5,20505,15,5,LP-Relax+Projection,1155.9037044361,0.0000000000,5,826.0962955639,0.0310911693,1155.9037044361,0.4167993419,0.0023409000
rbs,5,20505,15,5,Entropy-Relax(tau=0.1)+Greedy,1409.7985511894,21.9650517408,5,572.2014488106,0.0396723245,1409.7985511894,0.2886990155,0.0032783000
rbs,5,20505,15,5,Entropy-Relax(tau=0.1)+Projection,1409.7985511894,21.9650517408,5,572.2014488106,0.0396723245,1409.7985511894,0.2886990155,0.0032996000
rbs,5,20505,15,5,Entropy-Relax(tau=0.3)+Greedy,1269.3488778958,9.8144138672,5,712.6511221042,0.0536156470,1269.3488778958,0.3595616156,0.0026215999
rbs,5,20505,15,5,Entropy-Relax(tau=0.3)+Projection,1282.1755576623,10.9240806775,5,699.8244423377,0.0572656885,1282.1755576623,0.3530900315,0.0032516000
rbs,5,20505,15,5,Entropy-Relax(tau=0.8)+Greedy,1269.3488778958,9.8144138672,5,712.6511221042,0.0536156470,1269.3488778958,0.3595616156,0.0025340000
rbs,5,20505,15,5,Entropy-Relax(tau=0.8)+Projection,1282.1755576623,10.9240806775,5,699.8244423377,0.0572656885,1282.1755576623,0.3530900315,0.0045160000
rbs,5,20505,15,5,Hybrid-Score-Greedy(alpha=0.25),1167.5541085087,1.0079043806,5,814.4458914913,0.0329445776,1167.5541085087,0.4109212369,0.0018154000
rbs,5,20506,15,5,Hungarian,889.1650317628,0.0000000000,5,827.8349682372,0.0430929270,889.1650317628,0.4821403426,0.0000410000
rbs,5,20506,15,5,Greedy-Cost,905.3114969287,1.8159131982,5,811.6885030713,0.0331786955,905.3114969287,0.4727364607,0.0000436000
rbs,5,20506,15,5,LP-Relax+Projection,889.1650317628,0.0000000000,5,827.8349682372,0.0430929270,889.1650317628,0.4821403426,0.0020988000
rbs,5,20506,15,5,Entropy-Relax(tau=0.1)+Greedy,1089.1358700046,22.4897326254,5,627.8641299954,0.0683628084,1089.1358700046,0.3656750903,0.0032553000
rbs,5,20506,15,5,Entropy-Relax(tau=0.1)+Projection,1089.1358700046,22.4897326254,5,627.8641299954,0.0683628084,1089.1358700046,0.3656750903,0.0047398000
rbs,5,20506,15,5,Entropy-Relax(tau=0.3)+Greedy,931.1860631348,4.7258978784,5,785.8139368652,0.0578664483,931.1860631348,0.4576668240,0.0042445000
rbs,5,20506,15,5,Entropy-Relax(tau=0.3)+Projection,931.1860631348,4.7258978784,5,785.8139368652,0.0578664483,931.1860631348,0.4576668240,0.0034900000
rbs,5,20506,15,5,Entropy-Relax(tau=0.8)+Greedy,911.8030798902,2.5459894754,5,805.1969201098,0.0628124211,911.8030798902,0.4689556902,0.0032421000
rbs,5,20506,15,5,Entropy-Relax(tau=0.8)+Projection,911.8030798902,2.5459894754,5,805.1969201098,0.0628124211,911.8030798902,0.4689556902,0.0045017999
rbs,5,20506,15,5,Hybrid-Score-Greedy(alpha=0.25),889.1650317628,0.0000000000,5,827.8349682372,0.0430929270,889.1650317628,0.4821403426,0.0013103001
rbs,5,20507,15,5,Hungarian,782.9103359791,0.0000000000,5,802.0896640209,0.0181629915,782.9103359791,0.5060502612,0.0000509000
rbs,5,20507,15,5,Greedy-Cost,788.1374031434,0.6676456963,5,796.8625968566,0.0201548720,788.1374031434,0.5027524270,0.0000589000
rbs,5,20507,15,5,LP-Relax+Projection,782.9103359791,0.0000000000,5,802.0896640209,0.0181629915,782.9103359791,0.5060502612,0.0028757000
rbs,5,20507,15,5,Entropy-Relax(tau=0.1)+Greedy,1009.1795334282,28.9010359234,5,575.8204665718,0.0319570019,1009.1795334282,0.3632936698,0.0041506999
rbs,5,20507,15,5,Entropy-Relax(tau=0.1)+Projection,1009.1795334282,28.9010359234,5,575.8204665718,0.0319570019,1009.1795334282,0.3632936698,0.0039832001
rbs,5,20507,15,5,Entropy-Relax(tau=0.3)+Greedy,924.6187346963,18.1002079299,5,660.3812653037,0.0292227409,924.6187346963,0.4166443314,0.0052029000
rbs,5,20507,15,5,Entropy-Relax(tau=0.3)+Projection,966.8757566116,23.4976359588,5,618.1242433884,0.0169388661,966.8757566116,0.3899837498,0.0061943999
rbs,5,20507,15,5,Entropy-Relax(tau=0.8)+Greedy,969.3443986053,23.8129520149,5,615.6556013947,0.0205401149,969.3443986053,0.3884262469,0.0078911000
rbs,5,20507,15,5,Entropy-Relax(tau=0.8)+Projection,966.8757566116,23.4976359588,5,618.1242433884,0.0169388661,966.8757566116,0.3899837498,0.0072935000
rbs,5,20507,15,5,Hybrid-Score-Greedy(alpha=0.25),788.9375342753,0.7698452836,5,796.0624657247,0.0268012862,788.9375342753,0.5022476124,0.0025242000
rbs,5,20508,15,5,Hungarian,860.2077002188,0.0000000000,5,749.7922997812,0.0697673656,860.2077002188,0.4657095030,0.0000503999
rbs,5,20508,15,5,Greedy-Cost,875.7480432775,1.8065803241,5,734.2519567225,0.0903395378,875.7480432775,0.4560571160,0.0000503000
rbs,5,20508,15,5,LP-Relax+Projection,860.2077002188,0.0000000000,5,749.7922997812,0.0697673656,860.2077002188,0.4657095030,0.0037609000
rbs,5,20508,15,5,Entropy-Relax(tau=0.1)+Greedy,1047.6582775814,21.7913159014,5,562.3417224186,0.0263679914,1047.6582775814,0.3492805729,0.0036590999
rbs,5,20508,15,5,Entropy-Relax(tau=0.1)+Projection,1047.6582775814,21.7913159014,5,562.3417224186,0.0263679914,1047.6582775814,0.3492805729,0.0064725999
rbs,5,20508,15,5,Entropy-Relax(tau=0.3)+Greedy,929.4936320073,8.0545584248,5,680.5063679927,0.0533266303,929.4936320073,0.4226747627,0.0047171001
rbs,5,20508,15,5,Entropy-Relax(tau=0.3)+Projection,929.4936320073,8.0545584248,5,680.5063679927,0.0533266303,929.4936320073,0.4226747627,0.0034747000
rbs,5,20508,15,5,Entropy-Relax(tau=0.8)+Greedy,886.8509110882,3.0972997408,5,723.1490889118,0.0592962151,886.8509110882,0.4491609248,0.0035224000
rbs,5,20508,15,5,Entropy-Relax(tau=0.8)+Projection,886.8509110882,3.0972997408,5,723.1490889118,0.0592962151,886.8509110882,0.4491609248,0.0037332000
rbs,5,20508,15,5,Hybrid-Score-Greedy(alpha=0.25),860.2077002188,0.0000000000,5,749.7922997812,0.0697673656,860.2077002188,0.4657095030,0.0025893000
rbs,5,20509,15,5,Hungarian,690.5777087671,0.0000000000,5,792.4222912329,0.0358132302,690.5777087671,0.5343373508,0.0000450000
rbs,5,20509,15,5,Greedy-Cost,704.5140865956,2.0180752508,5,778.4859134044,0.0573383792,704.5140865956,0.5249399281,0.0000446000
rbs,5,20509,15,5,LP-Relax+Projection,690.5777087671,0.0000000000,5,792.4222912329,0.0358132302,690.5777087671,0.5343373508,0.0020481000
rbs,5,20509,15,5,Entropy-Relax(tau=0.1)+Greedy,858.1998681360,24.2727439998,5,624.8001318640,0.0349571589,858.1998681360,0.4213082481,0.0041969999
rbs,5,20509,15,5,Entropy-Relax(tau=0.1)+Projection,858.1998681360,24.2727439998,5,624.8001318640,0.0349571589,858.1998681360,0.4213082481,0.0033315000
rbs,5,20509,15,5,Entropy-Relax(tau=0.3)+Greedy,796.9527110625,15.4037700529,5,686.0472889375,0.0387584526,796.9527110625,0.4626077471,0.0037675999
rbs,5,20509,15,5,Entropy-Relax(tau=0.3)+Projection,796.9527110625,15.4037700529,5,686.0472889375,0.0387584526,796.9527110625,0.4626077471,0.0024957000
rbs,5,20509,15,5,Entropy-Relax(tau=0.8)+Greedy,713.8837505290,3.3748615784,5,769.1162494710,0.0336607815,713.8837505290,0.5186218810,0.0042772000
rbs,5,20509,15,5,Entropy-Relax(tau=0.8)+Projection,796.9527110625,15.4037700529,5,686.0472889375,0.0387584526,796.9527110625,0.4626077471,0.0040561000
rbs,5,20509,15,5,Hybrid-Score-Greedy(alpha=0.25),707.1749582744,2.4033862224,5,775.8250417256,0.0414337007,707.1749582744,0.5231456788,0.0013845001
rbs,9,20909,15,9,Hungarian,327.0128438308,0.0000000000,9,956.9871561692,0.0654365645,327.0128438308,0.7453170998,0.0000982000
rbs,9,20909,15,9,Greedy-Cost,327.0128438308,0.0000000000,9,956.9871561692,0.0654365645,327.0128438308,0.7453170998,0.0000676999
rbs,9,20909,15,9,LP-Relax+Projection,327.0128438308,0.0000000000,9,956.9871561692,0.0654365645,327.0128438308,0.7453170998,0.0066684000
rbs,9,20909,15,9,Entropy-Relax(tau=0.1)+Greedy,433.5595384516,32.5818072993,9,850.4404615484,0.0422417892,433.5595384516,0.6623368081,0.0034474999
rbs,9,20909,15,9,Entropy-Relax(tau=0.1)+Projection,433.5595384516,32.5818072993,9,850.4404615484,0.0422417892,433.5595384516,0.6623368081,0.0029439999
rbs,9,20909,15,9,Entropy-Relax(tau=0.3)+Greedy,352.9525272287,7.9323133287,9,931.0474727713,0.0508605950,352.9525272287,0.7251148542,0.0030841000
rbs,9,20909,15,9,Entropy-Relax(tau=0.3)+Projection,352.9525272287,7.9323133287,9,931.0474727713,0.0508605950,352.9525272287,0.7251148542,0.0026165000
rbs,9,20909,15,9,Entropy-Relax(tau=0.8)+Greedy,406.9202841235,24.4355663088,9,877.0797158765,0.0456407931,406.9202841235,0.6830838909,0.0029722000
rbs,9,20909,15,9,Entropy-Relax(tau=0.8)+Projection,352.9525272287,7.9323133287,9,931.0474727713,0.0508605950,352.9525272287,0.7251148542,0.0041659999
rbs,9,20909,15,9,Hybrid-Score-Greedy(alpha=0.25),342.0717195378,4.6049798933,9,941.9282804622,0.0744028787,342.0717195378,0.7335890035,0.0014074000
rbs,9,20910,15,9,Hungarian,252.8975094860,0.0000000000,9,1260.1024905140,0.0178539669,252.8975094860,0.8328502912,0.0000499000
rbs,9,20910,15,9,Greedy-Cost,268.2904761645,6.0866422567,9,1244.7095238355,0.0399799322,268.2904761645,0.8226764863,0.0000630000
rbs,9,20910,15,9,LP-Relax+Projection,252.8975094860,0.0000000000,9,1260.1024905140,0.0178539669,252.8975094860,0.8328502912,0.0048766000
rbs,9,20910,15,9,Entropy-Relax(tau=0.1)+Greedy,542.5087869719,114.5172517019,9,970.4912130281,0.0338849698,542.5087869719,0.6414350384,0.0044426001
rbs,9,20910,15,9,Entropy-Relax(tau=0.1)+Projection,519.6418165139,105.4752605393,9,993.3581834861,0.0300339055,519.6418165139,0.6565487003,0.0031399999
rbs,9,20910,15,9,Entropy-Relax(tau=0.3)+Greedy,627.1903705650,148.0017979773,9,885.8096294350,0.0375271820,627.1903705650,0.5854657167,0.0036424999
rbs,9,20910,15,9,Entropy-Relax(tau=0.3)+Projection,519.6418165139,105.4752605393,9,993.3581834861,0.0300339055,519.6418165139,0.6565487003,0.0032752000
rbs,9,20910,15,9,Entropy-Relax(tau=0.8)+Greedy,647.4092745092,155.9966983562,9,865.5907254908,0.0400349812,647.4092745092,0.5721022640,0.0029329000
rbs,9,20910,15,9,Entropy-Relax(tau=0.8)+Projection,519.6418165139,105.4752605393,9,993.3581834861,0.0300339055,519.6418165139,0.6565487003,0.0028068000
rbs,9,20910,15,9,Hybrid-Score-Greedy(alpha=0.25),287.6176272869,13.7289283202,9,1225.3823727131,0.0541291934,287.6176272869,0.8099024274,0.0020242000
rbs,9,20911,15,9,Hungarian,290.4172274063,0.0000000000,9,1020.5827725937,0.0232162887,290.4172274063,0.7784765619,0.0000929000
rbs,9,20911,15,9,Greedy-Cost,298.2192814012,2.6864983405,9,1012.7807185988,0.0341346142,298.2192814012,0.7725253384,0.0001840000
rbs,9,20911,15,9,LP-Relax+Projection,290.4172274063,0.0000000000,9,1020.5827725937,0.0232162887,290.4172274063,0.7784765619,0.0041700000
rbs,9,20911,15,9,Entropy-Relax(tau=0.1)+Greedy,307.9690616512,6.0436615285,9,1003.0309383488,0.0282613190,307.9690616512,0.7650884350,0.0026699001
rbs,9,20911,15,9,Entropy-Relax(tau=0.1)+Projection,307.9690616512,6.0436615285,9,1003.0309383488,0.0282613190,307.9690616512,0.7650884350,0.0040900001
rbs,9,20911,15,9,Entropy-Relax(tau=0.3)+Greedy,312.5611770492,7.6248746814,9,998.4388229508,0.0293013095,312.5611770492,0.7615856773,0.0038165001
rbs,9,20911,15,9,Entropy-Relax(tau=0.3)+Projection,307.9690616512,6.0436615285,9,1003.0309383488,0.0282613190,307.9690616512,0.7650884350,0.0034960000
rbs,9,20911,15,9,Entropy-Relax(tau=0.8)+Greedy,312.5611770492,7.6248746814,9,998.4388229508,0.0293013095,312.5611770492,0.7615856773,0.0027839000
rbs,9,20911,15,9,Entropy-Relax(tau=0.8)+Projection,307.9690616512,6.0436615285,9,1003.0309383488,0.0282613190,307.9690616512,0.7650884350,0.0031267001
rbs,9,20911,15,9,Hybrid-Score-Greedy(alpha=0.25),290.5132366242,0.0330590643,9,1020.4867633758,0.0217499543,290.5132366242,0.7784033283,0.0024044000
rbs,9,20912,15,9,Hungarian,328.7779110161,0.0000000000,9,1318.2220889839,0.0230261930,328.7779110161,0.8003777104,0.0000540999
rbs,9,20912,15,9,Greedy-Cost,355.7706390914,8.2100187303,9,1291.2293609086,0.0476616600,355.7706390914,0.7839886830,0.0000624999
rbs,9,20912,15,9,LP-Relax+Projection,328.7779110161,0.0000000000,9,1318.2220889839,0.0230261930,328.7779110161,0.8003777104,0.0024728000
rbs,9,20912,15,9,Entropy-Relax(tau=0.1)+Greedy,537.2167023535,63.3980521055,9,1109.7832976465,0.0210055910,537.2167023535,0.6738210672,0.0043358001
rbs,9,20912,15,9,Entropy-Relax(tau=0.1)+Projection,442.1659034667,34.4877160696,9,1204.8340965333,0.0222871802,442.1659034667,0.7315325419,0.0026813000
rbs,9,20912,15,9,Entropy-Relax(tau=0.3)+Greedy,448.4927257810,36.4120613806,9,1198.5072742190,0.0275479756,448.4927257810,0.7276911197,0.0033339000
rbs,9,20912,15,9,Entropy-Relax(tau=0.3)+Projection,442.1659034667,34.4877160696,9,1204.8340965333,0.0222871802,442.1659034667,0.7315325419,0.0027496000
rbs,9,20912,15,9,Entropy-Relax(tau=0.8)+Greedy,444.4798621903,35.1915220876,9,1202.5201378097,0.0243417730,444.4798621903,0.7301275882,0.0042521999
rbs,9,20912,15,9,Entropy-Relax(tau=0.8)+Projection,442.1659034667,34.4877160696,9,1204.8340965333,0.0222871802,442.1659034667,0.7315325419,0.0032748000
rbs,9,20912,15,9,Hybrid-Score-Greedy(alpha=0.25),331.1333339949,0.7164176485,9,1315.8666660051,0.0220670839,331.1333339949,0.7989475811,0.0023447000
rbs,9,20913,15,9,Hungarian,474.2965965904,0.0000000000,9,1338.7034034096,0.0166444908,474.2965965904,0.7383912870,0.0003780000
rbs,9,20913,15,9,Greedy-Cost,502.6210320202,5.9718824958,9,1310.3789679798,0.0406329799,502.6210320202,0.7227683221,0.0002591000
rbs,9,20913,15,9,LP-Relax+Projection,474.2965965904,0.0000000000,9,1338.7034034096,0.0166444908,474.2965965904,0.7383912870,0.0601377001
rbs,9,20913,15,9,Entropy-Relax(tau=0.1)+Greedy,670.8533275944,41.4417333831,9,1142.1466724056,0.0276703797,670.8533275944,0.6299761017,0.0057362999
rbs,9,20913,15,9,Entropy-Relax(tau=0.1)+Projection,670.8533275944,41.4417333831,9,1142.1466724056,0.0276703797,670.8533275944,0.6299761017,0.0055336000
rbs,9,20913,15,9,Entropy-Relax(tau=0.3)+Greedy,670.8533275944,41.4417333831,9,1142.1466724056,0.0276703797,670.8533275944,0.6299761017,0.0067058001
rbs,9,20913,15,9,Entropy-Relax(tau=0.3)+Projection,670.8533275944,41.4417333831,9,1142.1466724056,0.0276703797,670.8533275944,0.6299761017,0.0033013000
rbs,9,20913,15,9,Entropy-Relax(tau=0.8)+Greedy,573.7395158893,20.9663995090,9,1239.2604841107,0.0295661216,573.7395158893,0.6835413591,0.0128115000
rbs,9,20913,15,9,Entropy-Relax(tau=0.8)+Projection,573.7395158893,20.9663995090,9,1239.2604841107,0.0295661216,573.7395158893,0.6835413591,0.0082160000
rbs,9,20913,15,9,Hybrid-Score-Greedy(alpha=0.25),494.8116217766,4.3253578739,9,1318.1883782234,0.0287887031,494.8116217766,0.7270757740,0.0030857001
rbs,12,21212,15,12,Hungarian,252.5527973081,0.0000000000,12,1500.4472026919,0.0290367616,252.5527973081,0.8559310911,0.0000549000
rbs,12,21212,15,12,Greedy-Cost,256.0912373905,1.4010694477,12,1496.9087626095,0.0318547830,256.0912373905,0.8539125856,0.0000697001
rbs,12,21212,15,12,LP-Relax+Projection,252.5527973081,0.0000000000,12,1500.4472026919,0.0290367616,252.5527973081,0.8559310911,0.0036642000
rbs,12,21212,15,12,Entropy-Relax(tau=0.1)+Greedy,361.2109110554,43.0239201092,12,1391.7890889446,0.0331048752,361.2109110554,0.7939469988,0.0028079001
rbs,12,21212,15,12,Entropy-Relax(tau=0.1)+Projection,350.4918512056,38.7796353640,12,1402.5081487944,0.0282682579,350.4918512056,0.8000616936,0.0027628001
rbs,12,21212,15,12,Entropy-Relax(tau=0.3)+Greedy,314.9962817614,24.7249229147,12,1438.0037182386,0.0376448125,314.9962817614,0.8203101644,0.0026960000
rbs,12,21212,15,12,Entropy-Relax(tau=0.3)+Projection,304.1911966324,20.4465758743,12,1448.8088033676,0.0356951057,304.1911966324,0.8264739323,0.0028110000
rbs,12,21212,15,12,Entropy-Relax(tau=0.8)+Greedy,316.8660411267,25.4652668686,12,1436.1339588733,0.0391562567,316.8660411267,0.8192435590,0.0033402001
rbs,12,21212,15,12,Entropy-Relax(tau=0.8)+Projection,302.7128352931,19.8612086342,12,1450.2871647069,0.0349379134,302.7128352931,0.8273172645,0.0069873999
rbs,12,21212,15,12,Hybrid-Score-Greedy(alpha=0.25),265.6324307041,5.1789699165,12,1487.3675692959,0.0344180080,265.6324307041,0.8484698056,0.0014490000
rbs,12,21213,15,12,Hungarian,160.6724042755,0.0000000000,12,1414.3275957245,0.0251042514,160.6724042755,0.8979857751,0.0000541001
rbs,12,21213,15,12,Greedy-Cost,174.6106745540,8.6749621638,12,1400.3893254460,0.0376025250,174.6106745540,0.8891360796,0.0000717001
rbs,12,21213,15,12,LP-Relax+Projection,160.6724042755,0.0000000000,12,1414.3275957245,0.0251042514,160.6724042755,0.8979857751,0.0049927999
rbs,12,21213,15,12,Entropy-Relax(tau=0.1)+Greedy,207.8517993295,29.3637200904,12,1367.1482006705,0.0286010718,207.8517993295,0.8680306036,0.0028712001
rbs,12,21213,15,12,Entropy-Relax(tau=0.1)+Projection,207.8517993295,29.3637200904,12,1367.1482006705,0.0286010718,207.8517993295,0.8680306036,0.0042060000
rbs,12,21213,15,12,Entropy-Relax(tau=0.3)+Greedy,206.3856188555,28.4511922169,12,1368.6143811445,0.0375026405,206.3856188555,0.8689615118,0.0029084000
rbs,12,21213,15,12,Entropy-Relax(tau=0.3)+Projection,207.8517993295,29.3637200904,12,1367.1482006705,0.0286010718,207.8517993295,0.8680306036,0.0031147000
rbs,12,21213,15,12,Entropy-Relax(tau=0.8)+Greedy,208.9464257128,30.0449984893,12,1366.0535742872,0.0410164582,208.9464257128,0.8673356027,0.0026778000
rbs,12,21213,15,12,Entropy-Relax(tau=0.8)+Projection,206.6425419076,28.6110971199,12,1368.3574580924,0.0280627045,206.6425419076,0.8687983861,0.0048275000
rbs,12,21213,15,12,Hybrid-Score-Greedy(alpha=0.25),178.3412087648,10.9967885082,12,1396.6587912352,0.0421343236,178.3412087648,0.8867674865,0.0014272999
rbs,12,21214,15,12,Hungarian,123.2054806772,0.0000000000,12,1303.7945193228,0.0298392850,123.2054806772,0.9136611908,0.0003035000
rbs,12,21214,15,12,Greedy-Cost,135.9750278654,10.3644311260,12,1291.0249721346,0.0439624487,135.9750278654,0.9047126644,0.0001730000
rbs,12,21214,15,12,LP-Relax+Projection,123.2054806772,0.0000000000,12,1303.7945193228,0.0298392850,123.2054806772,0.9136611908,0.0056243001
rbs,12,21214,15,12,Entropy-Relax(tau=0.1)+Greedy,301.5578280105,144.7600758936,12,1125.4421719895,0.0484317483,301.5578280105,0.7886770652,0.0040189000
rbs,12,21214,15,12,Entropy-Relax(tau=0.1)+Projection,206.3090632307,67.4512059827,12,1220.6909367693,0.0434809293,206.3090632307,0.8554246228,0.0066950000
rbs,12,21214,15,12,Entropy-Relax(tau=0.3)+Greedy,240.6398518799,95.3158662726,12,1186.3601481201,0.0473108792,240.6398518799,0.8313666070,0.0063664000
rbs,12,21214,15,12,Entropy-Relax(tau=0.3)+Projection,206.3090632307,67.4512059827,12,1220.6909367693,0.0434809293,206.3090632307,0.8554246228,0.0049960001
rbs,12,21214,15,12,Entropy-Relax(tau=0.8)+Greedy,206.6173191449,67.7014025750,12,1220.3826808551,0.0442928413,206.6173191449,0.8552086061,0.0125902999
rbs,12,21214,15,12,Entropy-Relax(tau=0.8)+Projection,205.6902098904,66.9489123048,12,1221.3097901096,0.0301673882,205.6902098904,0.8558582972,0.0049119999
rbs,12,21214,15,12,Hybrid-Score-Greedy(alpha=0.25),134.7263843397,9.3509668557,12,1292.2736156603,0.0407427225,134.7263843397,0.9055876774,0.0017055999
rbs,12,21215,15,12,Hungarian,185.3685222588,0.0000000000,12,1310.6314777412,0.0271832510,185.3685222588,0.8760905600,0.0000558000
rbs,12,21215,15,12,Greedy-Cost,191.7661329173,3.4512929059,12,1304.2338670827,0.0380311705,191.7661329173,0.8718140823,0.0000708000
rbs,12,21215,15,12,LP-Relax+Projection,185.3685222588,0.0000000000,12,1310.6314777412,0.0271832510,185.3685222588,0.8760905600,0.0029678000
rbs,12,21215,15,12,Entropy-Relax(tau=0.1)+Greedy,300.0368025712,61.8596290865,12,1195.9631974288,0.0363907522,300.0368025712,0.7994406400,0.0029993000
rbs,12,21215,15,12,Entropy-Relax(tau=0.1)+Projection,285.9339290101,54.2516094566,12,1210.0660709899,0.0277736201,285.9339290101,0.8088676945,0.0039992000
rbs,12,21215,15,12,Entropy-Relax(tau=0.3)+Greedy,311.9182640406,68.2692726035,12,1184.0817359594,0.0440785997,311.9182640406,0.7914984866,0.0059738000
rbs,12,21215,15,12,Entropy-Relax(tau=0.3)+Projection,285.9339290101,54.2516094566,12,1210.0660709899,0.0277736201,285.9339290101,0.8088676945,0.0038542000
rbs,12,21215,15,12,Entropy-Relax(tau=0.8)+Greedy,270.5534694369,45.9543757161,12,1225.4465305631,0.0447932128,270.5534694369,0.8191487504,0.0031322000
rbs,12,21215,15,12,Entropy-Relax(tau=0.8)+Projection,285.9339290101,54.2516094566,12,1210.0660709899,0.0277736201,285.9339290101,0.8088676945,0.0040932000
rbs,12,21215,15,12,Hybrid-Score-Greedy(alpha=0.25),199.3852053582,7.5615228134,12,1296.6147946418,0.0387691074,199.3852053582,0.8667211194,0.0017399000
rbs,12,21216,15,12,Hungarian,163.6823644412,0.0000000000,12,1688.3176355588,0.0232407584,163.6823644412,0.9116185937,0.0000576000
rbs,12,21216,15,12,Greedy-Cost,185.2262785603,13.1620252388,12,1666.7737214397,0.0457892074,185.2262785603,0.8999858107,0.0000711000
rbs,12,21216,15,12,LP-Relax+Projection,163.6823644412,0.0000000000,12,1688.3176355588,0.0232407584,163.6823644412,0.9116185937,0.0057084999
rbs,12,21216,15,12,Entropy-Relax(tau=0.1)+Greedy,255.2112536684,55.9186015792,12,1596.7887463316,0.0317790735,255.2112536684,0.8621969473,0.0044512000
rbs,12,21216,15,12,Entropy-Relax(tau=0.1)+Projection,335.0013252166,104.6654973249,12,1516.9986747834,0.0239663866,335.0013252166,0.8191137553,0.0027126999
rbs,12,21216,15,12,Entropy-Relax(tau=0.3)+Greedy,227.7352313441,39.1324179129,12,1624.2647686559,0.0265272669,227.7352313441,0.8770328124,0.0027474001
rbs,12,21216,15,12,Entropy-Relax(tau=0.3)+Projection,335.0013252166,104.6654973249,12,1516.9986747834,0.0239663866,335.0013252166,0.8191137553,0.0040374000
rbs,12,21216,15,12,Entropy-Relax(tau=0.8)+Greedy,236.3008652162,44.3655008424,12,1615.6991347838,0.0315358065,236.3008652162,0.8724077402,0.0032599000
rbs,12,21216,15,12,Entropy-Relax(tau=0.8)+Projection,335.0013252166,104.6654973249,12,1516.9986747834,0.0239663866,335.0013252166,0.8191137553,0.0089683000
rbs,12,21216,15,12,Hybrid-Score-Greedy(alpha=0.25),177.2514885943,8.2899121108,12,1674.7485114057,0.0361792249,177.2514885943,0.9042918528,0.0020430000
rbs,15,21515,15,15,Hungarian,37.3622501081,0.0000000000,15,1610.6377498919,0.0250419547,37.3622501081,0.9773287317,0.0000547000
rbs,15,21515,15,15,Greedy-Cost,63.0421144015,68.7321138825,15,1584.9578855985,0.0620209229,63.0421144015,0.9617462898,0.0000828999
rbs,15,21515,15,15,LP-Relax+Projection,37.3622501081,0.0000000000,15,1610.6377498919,0.0250419547,37.3622501081,0.9773287317,0.0048204999
rbs,15,21515,15,15,Entropy-Relax(tau=0.1)+Greedy,48.6472121576,30.2041820737,15,1599.3527878424,0.0490470187,48.6472121576,0.9704810606,0.0041588000
rbs,15,21515,15,15,Entropy-Relax(tau=0.1)+Projection,37.3622501081,0.0000000000,15,1610.6377498919,0.0250419547,37.3622501081,0.9773287317,0.0032494001
rbs,15,21515,15,15,Entropy-Relax(tau=0.3)+Greedy,54.3517611001,45.4723977888,15,1593.6482388999,0.0585099396,54.3517611001,0.9670195624,0.0031996999
rbs,15,21515,15,15,Entropy-Relax(tau=0.3)+Projection,37.5095650770,0.3942882681,15,1610.4904349230,0.0258458543,37.5095650770,0.9772393416,0.0027848999
rbs,15,21515,15,15,Entropy-Relax(tau=0.8)+Greedy,57.9662437576,55.1465545834,15,1590.0337562424,0.0397279555,57.9662437576,0.9648263084,0.0032955999
rbs,15,21515,15,15,Entropy-Relax(tau=0.8)+Projection,37.5095650770,0.3942882681,15,1610.4904349230,0.0258458543,37.5095650770,0.9772393416,0.0098191999
rbs,15,21515,15,15,Hybrid-Score-Greedy(alpha=0.25),50.6921907126,35.6775637600,15,1597.3078092874,0.0524146994,50.6921907126,0.9692401755,0.0037916000
rbs,15,21516,15,15,Hungarian,37.6678660942,0.0000000000,15,1476.3321339058,0.0325370923,37.6678660942,0.9751202998,0.0001401000
rbs,15,21516,15,15,Greedy-Cost,66.2822944044,75.9650898156,15,1447.7177055956,0.0763499844,66.2822944044,0.9562204132,0.0001290001
rbs,15,21516,15,15,LP-Relax+Projection,37.6678660942,0.0000000000,15,1476.3321339058,0.0325370923,37.6678660942,0.9751202998,0.0032710000
rbs,15,21516,15,15,Entropy-Relax(tau=0.1)+Greedy,50.6415211744,34.4422353199,15,1463.3584788256,0.0347460078,50.6415211744,0.9665511749,0.0027261000
rbs,15,21516,15,15,Entropy-Relax(tau=0.1)+Projection,37.6678660942,0.0000000000,15,1476.3321339058,0.0325370923,37.6678660942,0.9751202998,0.0053323000
rbs,15,21516,15,15,Entropy-Relax(tau=0.3)+Greedy,56.2606107790,49.3596973033,15,1457.7393892210,0.0416128806,56.2606107790,0.9628397551,0.0028634000
rbs,15,21516,15,15,Entropy-Relax(tau=0.3)+Projection,37.6678660942,0.0000000000,15,1476.3321339058,0.0325370923,37.6678660942,0.9751202998,0.0049086000
rbs,15,21516,15,15,Entropy-Relax(tau=0.8)+Greedy,67.9198169192,80.3123562913,15,1446.0801830808,0.0542699267,67.9198169192,0.9551388263,0.0039847000
rbs,15,21516,15,15,Entropy-Relax(tau=0.8)+Projection,37.6678660942,0.0000000000,15,1476.3321339058,0.0325370923,37.6678660942,0.9751202998,0.0044594000
rbs,15,21516,15,15,Hybrid-Score-Greedy(alpha=0.25),54.8100535739,45.5087831011,15,1459.1899464261,0.0476911495,54.8100535739,0.9637978510,0.0018354000
rbs,15,21517,15,15,Hungarian,15.9762806996,0.0000000000,15,1481.0237193004,0.0149232742,15.9762806996,0.9893278018,0.0000518000
rbs,15,21517,15,15,Greedy-Cost,34.6757979359,117.0454975592,15,1462.3242020641,0.0602740397,34.6757979359,0.9768364743,0.0001035000
rbs,15,21517,15,15,LP-Relax+Projection,15.9762806996,0.0000000000,15,1481.0237193004,0.0149232742,15.9762806996,0.9893278018,0.0042144000
rbs,15,21517,15,15,Entropy-Relax(tau=0.1)+Greedy,22.4534782114,40.5425870615,15,1474.5465217886,0.0196594227,22.4534782114,0.9850010166,0.0065921000
rbs,15,21517,15,15,Entropy-Relax(tau=0.1)+Projection,16.2882656371,1.9528008011,15,1480.7117343629,0.0144010783,16.2882656371,0.9891193950,0.0034109000
rbs,15,21517,15,15,Entropy-Relax(tau=0.3)+Greedy,20.9863433259,31.3593803246,15,1476.0136566741,0.0177364547,20.9863433259,0.9859810666,0.0046054000
rbs,15,21517,15,15,Entropy-Relax(tau=0.3)+Projection,15.9762806996,0.0000000000,15,1481.0237193004,0.0149232742,15.9762806996,0.9893278018,0.0055767001
rbs,15,21517,15,15,Entropy-Relax(tau=0.8)+Greedy,30.5413385644,91.1667623938,15,1466.4586614356,0.0273811781,30.5413385644,0.9795983042,0.0033703999
rbs,15,21517,15,15,Entropy-Relax(tau=0.8)+Projection,15.9762806996,0.0000000000,15,1481.0237193004,0.0149232742,15.9762806996,0.9893278018,0.0026910000
rbs,15,21517,15,15,Hybrid-Score-Greedy(alpha=0.25),26.1430580197,63.6366968710,15,1470.8569419803,0.0395393616,26.1430580197,0.9825363674,0.0013872000
rbs,15,21518,15,15,Hungarian,25.3404308894,0.0000000000,15,1547.6595691106,0.0213698761,25.3404308894,0.9838903809,0.0001317001
rbs,15,21518,15,15,Greedy-Cost,61.0375632714,140.8702659308,15,1511.9624367286,0.0733794270,61.0375632714,0.9611967176,0.0005462000
rbs,15,21518,15,15,LP-Relax+Projection,25.3404308894,0.0000000000,15,1547.6595691106,0.0213698761,25.3404308894,0.9838903809,0.0044385000
rbs,15,21518,15,15,Entropy-Relax(tau=0.1)+Greedy,30.4203759574,20.0467982970,15,1542.5796240426,0.0246994532,30.4203759574,0.9806609180,0.0071590000
rbs,15,21518,15,15,Entropy-Relax(tau=0.1)+Projection,25.3404308894,0.0000000000,15,1547.6595691106,0.0213698761,25.3404308894,0.9838903809,0.0029280001
rbs,15,21518,15,15,Entropy-Relax(tau=0.3)+Greedy,39.6238600608,56.3661653336,15,1533.3761399392,0.0310878611,39.6238600608,0.9748100063,0.0032814001
rbs,15,21518,15,15,Entropy-Relax(tau=0.3)+Projection,25.3404308894,0.0000000000,15,1547.6595691106,0.0213698761,25.3404308894,0.9838903809,0.0045305000
rbs,15,21518,15,15,Entropy-Relax(tau=0.8)+Greedy,37.9116255824,49.6092380902,15,1535.0883744176,0.0298502503,37.9116255824,0.9758985216,0.0030073000
rbs,15,21518,15,15,Entropy-Relax(tau=0.8)+Projection,25.3404308894,0.0000000000,15,1547.6595691106,0.0213698761,25.3404308894,0.9838903809,0.0028964999
rbs,15,21518,15,15,Hybrid-Score-Greedy(alpha=0.25),32.8906607624,29.7951913521,15,1540.1093392376,0.0309257313,32.8906607624,0.9790904890,0.0014617000
rbs,15,21519,15,15,Hungarian,24.7653623180,0.0000000000,15,1597.2346376820,0.0183690075,24.7653623180,0.9847315892,0.0000571000
rbs,15,21519,15,15,Greedy-Cost,35.7438863106,44.3301569813,15,1586.2561136894,0.0297568391,35.7438863106,0.9779630787,0.0000832001
rbs,15,21519,15,15,LP-Relax+Projection,24.7653623180,0.0000000000,15,1597.2346376820,0.0183690075,24.7653623180,0.9847315892,0.0053357000
rbs,15,21519,15,15,Entropy-Relax(tau=0.1)+Greedy,35.4162374019,43.0071442003,15,1586.5837625981,0.0262644727,35.4162374019,0.9781650817,0.0061145000
rbs,15,21519,15,15,Entropy-Relax(tau=0.1)+Projection,24.7653623180,0.0000000000,15,1597.2346376820,0.0183690075,24.7653623180,0.9847315892,0.0029624000
rbs,15,21519,15,15,Entropy-Relax(tau=0.3)+Greedy,37.7547609841,52.4498632377,15,1584.2452390159,0.0297690516,37.7547609841,0.9767233286,0.0045726000
rbs,15,21519,15,15,Entropy-Relax(tau=0.3)+Projection,24.7653623180,0.0000000000,15,1597.2346376820,0.0183690075,24.7653623180,0.9847315892,0.0028571000
rbs,15,21519,15,15,Entropy-Relax(tau=0.8)+Greedy,42.6894210786,72.3755159745,15,1579.3105789214,0.0312641326,42.6894210786,0.9736809981,0.0028086000
rbs,15,21519,15,15,Entropy-Relax(tau=0.8)+Projection,24.7653623180,0.0000000000,15,1597.2346376820,0.0183690075,24.7653623180,0.9847315892,0.0026522999
rbs,15,21519,15,15,Hybrid-Score-Greedy(alpha=0.25),30.7924967929,24.3369525448,15,1591.2075032071,0.0269627413,30.7924967929,0.9810157233,0.0013666000
rbs,20,22020,15,20,Hungarian,18.0282890829,0.0000000000,15,1635.9717109171,0.0111703624,18.0282890829,0.9891001880,0.0000809000
rbs,20,22020,15,20,Greedy-Cost,20.6922737274,14.7766914113,15,1633.3077262726,0.0133560806,20.6922737274,0.9874895564,0.0001566000
rbs,20,22020,15,20,LP-Relax+Projection,18.0282890829,0.0000000000,15,1635.9717109171,0.0111703624,18.0282890829,0.9891001880,0.0040760000
rbs,20,22020,15,20,Entropy-Relax(tau=0.1)+Greedy,20.4766175674,13.5804816159,15,1633.5233824326,0.0120822310,20.4766175674,0.9876199410,0.0053128001
rbs,20,22020,15,20,Entropy-Relax(tau=0.1)+Projection,18.0282890829,0.0000000000,15,1635.9717109171,0.0111703624,18.0282890829,0.9891001880,0.0031897001
rbs,20,22020,15,20,Entropy-Relax(tau=0.3)+Greedy,19.7467721205,9.5321471147,15,1634.2532278795,0.0116043464,19.7467721205,0.9880612019,0.0027844000
rbs,20,22020,15,20,Entropy-Relax(tau=0.3)+Projection,18.0282890829,0.0000000000,15,1635.9717109171,0.0111703624,18.0282890829,0.9891001880,0.0031052000
rbs,20,22020,15,20,Entropy-Relax(tau=0.8)+Greedy,21.7397810881,20.5870451054,15,1632.2602189119,0.0132957223,21.7397810881,0.9868562388,0.0027414000
rbs,20,22020,15,20,Entropy-Relax(tau=0.8)+Projection,18.0282890829,0.0000000000,15,1635.9717109171,0.0111703624,18.0282890829,0.9891001880,0.0042125999
rbs,20,22020,15,20,Hybrid-Score-Greedy(alpha=0.25),19.9583594749,10.7057879044,15,1634.0416405251,0.0129288778,19.9583594749,0.9879332772,0.0016051000
rbs,20,22021,15,20,Hungarian,20.3462260066,0.0000000000,15,1513.6537739934,0.0147934935,20.3462260066,0.9867364889,0.0001174000
rbs,20,22021,15,20,Greedy-Cost,26.2670197401,29.1002062575,15,1507.7329802599,0.0206166270,26.2670197401,0.9828767798,0.0002326000
rbs,20,22021,15,20,LP-Relax+Projection,20.3462260066,0.0000000000,15,1513.6537739934,0.0147934935,20.3462260066,0.9867364889,0.0102845001
rbs,20,22021,15,20,Entropy-Relax(tau=0.1)+Greedy,20.3462260066,0.0000000000,15,1513.6537739934,0.0147934935,20.3462260066,0.9867364889,0.0075379000
rbs,20,22021,15,20,Entropy-Relax(tau=0.1)+Projection,20.3462260066,0.0000000000,15,1513.6537739934,0.0147934935,20.3462260066,0.9867364889,0.0069211000
rbs,20,22021,15,20,Entropy-Relax(tau=0.3)+Greedy,20.6081829854,1.2874966529,15,1513.3918170146,0.0147745901,20.6081829854,0.9865657217,0.0032515000
rbs,20,22021,15,20,Entropy-Relax(tau=0.3)+Projection,20.3462260066,0.0000000000,15,1513.6537739934,0.0147934935,20.3462260066,0.9867364889,0.0027634001
rbs,20,22021,15,20,Entropy-Relax(tau=0.8)+Greedy,20.6081829854,1.2874966529,15,1513.3918170146,0.0147745901,20.6081829854,0.9865657217,0.0036714000
rbs,20,22021,15,20,Entropy-Relax(tau=0.8)+Projection,20.3462260066,0.0000000000,15,1513.6537739934,0.0147934935,20.3462260066,0.9867364889,0.0033824000
rbs,20,22021,15,20,Hybrid-Score-Greedy(alpha=0.25),26.2670197401,29.1002062575,15,1507.7329802599,0.0206166270,26.2670197401,0.9828767798,0.0014086000
rbs,20,22022,15,20,Hungarian,19.6114752197,0.0000000000,15,1493.3885247803,0.0143992481,19.6114752197,0.9870380203,0.0000582001
rbs,20,22022,15,20,Greedy-Cost,21.2916304845,8.5672048939,15,1491.7083695155,0.0186420373,21.2916304845,0.9859275410,0.0001114000
rbs,20,22022,15,20,LP-Relax+Projection,19.6114752197,0.0000000000,15,1493.3885247803,0.0143992481,19.6114752197,0.9870380203,0.0038495000
rbs,20,22022,15,20,Entropy-Relax(tau=0.1)+Greedy,22.2815139842,13.6146757681,15,1490.7184860158,0.0179370179,22.2815139842,0.9852732888,0.0037018000
rbs,20,22022,15,20,Entropy-Relax(tau=0.1)+Projection,20.0426419502,2.1985430754,15,1492.9573580498,0.0153447805,20.0426419502,0.9867530456,0.0027386000
rbs,20,22022,15,20,Entropy-Relax(tau=0.3)+Greedy,21.3561934342,8.8964149555,15,1491.6438065658,0.0172836474,21.3561934342,0.9858848688,0.0029012000
rbs,20,22022,15,20,Entropy-Relax(tau=0.3)+Projection,19.6831968890,0.3657127701,15,1493.3168031110,0.0160137807,19.6831968890,0.9869906167,0.0047636000
rbs,20,22022,15,20,Entropy-Relax(tau=0.8)+Greedy,21.7792131249,11.0534158236,15,1491.2207868751,0.0170162349,21.7792131249,0.9856052788,0.0089840000
rbs,20,22022,15,20,Entropy-Relax(tau=0.8)+Projection,19.6591275999,0.2429821295,15,1493.3408724001,0.0149586551,19.6591275999,0.9870065250,0.0088235000
rbs,20,22022,15,20,Hybrid-Score-Greedy(alpha=0.25),21.2916304845,8.5672048939,15,1491.7083695155,0.0186420373,21.2916304845,0.9859275410,0.0022376999
rbs,20,22023,15,20,Hungarian,32.8239492761,0.0000000000,15,1356.1760507239,0.0195381105,32.8239492761,0.9763686470,0.0000572001
rbs,20,22023,15,20,Greedy-Cost,35.9543414579,9.5369151210,15,1353.0456585421,0.0241113645,35.9543414579,0.9741149450,0.0001091000
rbs,20,22023,15,20,LP-Relax+Projection,32.8239492761,0.0000000000,15,1356.1760507239,0.0195381105,32.8239492761,0.9763686470,0.0031813000
rbs,20,22023,15,20,Entropy-Relax(tau=0.1)+Greedy,35.3480742918,7.6898882414,15,1353.6519257082,0.0241416443,35.3480742918,0.9745514224,0.0049219000
rbs,20,22023,15,20,Entropy-Relax(tau=0.1)+Projection,32.8792622367,0.1685140327,15,1356.1207377633,0.0198539715,32.8792622367,0.9763288249,0.0045346001
rbs,20,22023,15,20,Entropy-Relax(tau=0.3)+Greedy,35.3480742918,7.6898882414,15,1353.6519257082,0.0241416443,35.3480742918,0.9745514224,0.0106448999
rbs,20,22023,15,20,Entropy-Relax(tau=0.3)+Projection,32.8792622367,0.1685140327,15,1356.1207377633,0.0198539715,32.8792622367,0.9763288249,0.0053181000
rbs,20,22023,15,20,Entropy-Relax(tau=0.8)+Greedy,35.3480742918,7.6898882414,15,1353.6519257082,0.0241416443,35.3480742918,0.9745514224,0.0028880000
rbs,20,22023,15,20,Entropy-Relax(tau=0.8)+Projection,32.8792622367,0.1685140327,15,1356.1207377633,0.0198539715,32.8792622367,0.9763288249,0.0027158000
rbs,20,22023,15,20,Hybrid-Score-Greedy(alpha=0.25),35.9543414579,9.5369151210,15,1353.0456585421,0.0241113645,35.9543414579,0.9741149450,0.0014096000
rbs,20,22024,15,20,Hungarian,24.7254656585,0.0000000000,15,1810.2745343415,0.0158807416,24.7254656585,0.9865256318,0.0000637000
rbs,20,22024,15,20,Greedy-Cost,32.7730518519,32.5477639309,15,1802.2269481481,0.0232676479,32.7730518519,0.9821400262,0.0001169001
rbs,20,22024,15,20,LP-Relax+Projection,24.7254656585,0.0000000000,15,1810.2745343415,0.0158807416,24.7254656585,0.9865256318,0.0047799000
rbs,20,22024,15,20,Entropy-Relax(tau=0.1)+Greedy,30.9828433574,25.3074210423,15,1804.0171566426,0.0203130964,30.9828433574,0.9831156167,0.0065187999
rbs,20,22024,15,20,Entropy-Relax(tau=0.1)+Projection,24.7708453351,0.1835341634,15,1810.2291546649,0.0161494953,24.7708453351,0.9865009017,0.0037230999
rbs,20,22024,15,20,Entropy-Relax(tau=0.3)+Greedy,27.6430397493,11.7998752020,15,1807.3569602507,0.0186569702,27.6430397493,0.9849356732,0.0040039000
rbs,20,22024,15,20,Entropy-Relax(tau=0.3)+Projection,24.7708453351,0.1835341634,15,1810.2291546649,0.0161494953,24.7708453351,0.9865009017,0.0046707001
rbs,20,22024,15,20,Entropy-Relax(tau=0.8)+Greedy,29.3281350493,18.6150968977,15,1805.6718649507,0.0219638079,29.3281350493,0.9840173651,0.0043328999
rbs,20,22024,15,20,Entropy-Relax(tau=0.8)+Projection,24.7708453351,0.1835341634,15,1810.2291546649,0.0161494953,24.7708453351,0.9865009017,0.0028421000
rbs,20,22024,15,20,Hybrid-Score-Greedy(alpha=0.25),31.3125408826,26.6408540696,15,1803.6874591174,0.0210253011,31.3125408826,0.9829359450,0.0026590000
